sector,Abidjan,Addu,Agneby Tiassa,Algiers,Ampara,Anhui,Anuradhapura,Atolls,Badulla,Bafing,Bagoue,Barishal,Batticaloa,Beijing,Belier,Berat,Bere,Boukani,Cairo,Cape Town,Casablanca,Cavally ,Chittagong,Chongqing,Colombo,San Jose,Dhaka,Diber,Durres,Erongo,Esbalasan,Faadhippolhu,Felidhy,Folon,Fujian,Gaborone,Galle,Gampaha,Gansu,Gauteng,Gbeke,Gbokie,Gjirokaster,Gnaviyani,Goh,Gontougo,Grand Ponts,Guangdong,Guangxi,Guelmim,Guemon,Guizhou,Hadhumathi,Hainan,Hambantota,Hambol,Hanoi,Hardap,Haut Sassandra,Hebei,Heilonjiang,Henan,Hubei,Hunan,Iffou,Indenie Djuablin,Delhi,Inner Mangolia,Jaffna,Jakarta,Jiangsu,Jiangxi,Jilin,Kabadougou,Kalutara,Kandy,Kegalle,Keras,Khenifra,Khulna,Kilinochchi,Kolhumadulu,Korce,Kuala Lumpure,Kukes,Kunene,Kurunegala,Kyiv,La Me,Laayoun,Lezhe,Liaoning,Limpopo,Loh Djiboua,Lusaka,Male,Mannar,Marahoue,Marrakesh,Matale,Matara,Cuidad de Mexico,Queretaro,Nuevo Leon,Jalisco,Quintana Roo,Baja California Sur,Baja California ,Aguascalientes,Sonora,Sinaloa,Mexico,San Luis Potosi,Coahuila de Zaragoza,Campeche,Nayarit,Colima,Yucatan,Michoacan de Ocampo,Guanajuato,Durango,Zacatecas,Chihuahua,Morelos,Puebla,Tamaulipas,Hidalgo,Tabasco,Tlaxcala,Veracruz de Ignacio de la Llave,Guerrero,Oaxaca,Chiapas,Moneragala,Montenegro,Moronou,Mpumalang,Mulakatholhu,Mullaitivu,Yaren,Nawa,Ningxia,Nuwara,Nzi,Omaheke,Omusti,Oriental,Oshana,Oshikoto,Otozondjupa,Pago Pago,Polonnaruwa,Popo,Puttalam,Qinghai,Rajshahi,Rangpur,Rantnapura,Bucharest,San Pedro,Shaanxi,Shandong,Shanghai,Shanxi,Shkoder,Souss,Sichuan,Sud Comoe,Sylhet,Tafilalet,Tanger,Tblisi,Tchologo,Tianjin,Tibet,Tirane,Tonkpi,Trincomalee,Tunis,Vavunia,Vlore,Worodougou,Xinjiang,Yamoussouk,Yunnan,Zamnezi,Zheijiang,Byo,Manicaland,Mach. Central,Mash.,Mash. West,Mat. North,Mat. South,Mid-lands,Mavingo,Hre
Agriculture,0.0,0.0,0.0,0.0,0.0,0.0,0.0,0.0,0.0,0.0,0.0,0.0,0.0,0.0,0.0,0.0,0.0,0.0,244.27157001414426,0.0,0.0,0.0,0.0,0.0,0.0,0.0,0.0,0.0,0.0,0.0,0.0,0.0,0.0,0.0,0.0,0.0,0.0,0.0,0.0,0.0,0.0,0.0,0.0,0.0,0.0,0.0,0.0,0.0,0.0,0.0,0.0,0.0,0.0,0.0,0.0,0.0,0.0,0.0,0.0,0.0,0.0,0.0,0.0,0.0,0.0,0.0,2.5450530531279827,0.0,0.0,141.3377765372413,0.0,0.0,0.0,0.0,0.0,0.0,0.0,0.0,0.0,0.0,0.0,0.0,0.0,0.0,0.0,0.0,0.0,0.0,0.0,0.0,0.0,0.0,0.0,0.0,0.0,0.0,0.0,0.0,0.0,0.0,0.0,0.0,0.0,0.0,0.0,0.0,0.0,0.0,0.0,0.0,0.0,0.0,0.0,0.0,0.0,0.0,0.0,0.0,0.0,0.0,0.0,0.0,0.0,0.0,0.0,0.0,0.0,0.0,0.0,0.0,0.0,0.0,0.0,0.0,0.0,0.0,0.0,0.0,0.0,0.0,0.0,0.0,0.0,0.0,0.0,0.0,0.0,0.0,0.0,0.0,0.0,0.0,0.0,0.0,0.0,0.0,0.0,0.0,0.0,0.0,0.0,0.0,0.0,0.0,0.0,0.0,0.0,0.0,0.0,0.0,0.0,2.964601769911505,0.0,0.0,0.0,0.0,0.0,0.0,0.0,0.0,0.0,0.0,0.0,0.0,0.0,0.0,0.0,0.0,0.0,0.0,0.0,0.0,0.0,0.0,0.0,0.0,0.0
Fishing,0.0,0.0,0.0,0.0,0.0,0.0,0.0,0.0,0.0,0.0,0.0,0.0,0.0,0.0,0.0,0.0,0.0,0.0,32.7015558698727,0.0,0.0,0.0,0.0,0.0,0.0,0.0,0.0,0.0,0.0,0.0,0.0,0.0,0.0,0.0,0.0,0.0,0.0,0.0,0.0,0.0,0.0,0.0,0.0,0.0,0.0,0.0,0.0,0.0,0.0,0.0,0.0,0.0,0.0,0.0,0.0,0.0,0.0,0.0,0.0,0.0,0.0,0.0,0.0,0.0,0.0,0.0,1.2725265265639913,0.0,0.0,36.698193812043094,0.0,0.0,0.0,0.0,0.0,0.0,0.0,0.0,0.0,0.0,0.0,0.0,0.0,0.0,0.0,0.0,0.0,0.0,0.0,0.0,0.0,0.0,0.0,0.0,0.0,0.0,0.0,0.0,0.0,0.0,0.0,0.0,0.0,0.0,0.0,0.0,0.0,0.0,0.0,0.0,0.0,0.0,0.0,0.0,0.0,0.0,0.0,0.0,0.0,0.0,0.0,0.0,0.0,0.0,0.0,0.0,0.0,0.0,0.0,0.0,0.0,0.0,0.0,0.0,0.0,0.0,0.0,0.0,0.0,0.0,0.0,0.0,0.0,0.0,0.0,0.0,0.0,0.0,0.0,0.0,0.0,0.0,0.0,0.0,0.0,0.0,0.0,0.0,0.0,0.0,0.0,0.0,0.0,0.0,0.0,0.0,0.0,0.0,0.0,0.0,0.0,0.0,0.0,0.0,0.0,0.0,0.0,0.0,0.0,0.0,0.0,0.0,0.0,0.0,0.0,0.0,0.0,0.0,0.0,0.0,0.0,0.0,0.0,0.0,0.0,0.0,0.0
Mining and Quarrying,0.0,0.0,0.0,0.0,0.0,0.0,0.0,0.0,0.0,0.0,0.0,0.0,0.0,0.0,0.0,0.0,0.0,0.0,0.0,0.0,0.0,0.0,0.0,0.0,0.0,0.0,0.0,0.0,0.0,0.0,0.0,0.0,0.0,0.0,0.0,0.0,0.0,0.0,0.0,0.0,0.0,0.0,0.0,0.0,0.0,0.0,0.0,0.0,0.0,0.0,0.0,0.0,0.0,0.0,0.0,0.0,0.0,0.0,0.0,0.0,0.0,0.0,0.0,0.0,0.0,0.0,0.0,0.0,0.0,0.0,0.0,0.0,0.0,0.0,0.0,0.0,0.0,0.0,0.0,0.0,0.0,0.0,0.0,0.0,0.0,0.0,0.0,0.0,0.0,0.0,0.0,0.0,0.0,0.0,0.0,0.0,0.0,0.0,0.0,0.0,0.0,0.0,0.0,0.0,0.0,0.0,0.0,0.0,0.0,0.0,0.0,0.0,0.0,0.0,0.0,0.0,0.0,0.0,0.0,0.0,0.0,0.0,0.0,0.0,0.0,0.0,0.0,0.0,0.0,0.0,0.0,0.0,0.0,0.0,0.0,0.0,0.0,0.0,0.0,0.0,0.0,0.0,0.0,0.0,0.0,0.0,0.0,0.0,0.0,0.0,0.0,0.0,0.0,0.0,0.0,0.0,0.0,0.0,0.0,0.0,0.0,0.0,0.0,0.0,0.0,0.0,0.0,0.0,0.0,0.0,0.0,0.0,0.0,0.0,0.0,0.0,0.0,0.0,0.0,0.0,0.0,0.0,0.0,0.0,0.0,0.0,0.0,0.0,0.0,0.0,0.0,0.0,0.0,0.0,0.0,0.0,0.0
Food & Beverages,356.39421909157153,813.9322916666667,327.3014330823415,721.7057452351569,446.7331409078982,878.7377049180328,373.7518816583574,769.3359375,349.22454388611914,209.73402963322806,255.56027851995788,185.0157955198162,396.2698007084755,1312.688524590164,253.4713788357218,862.0219107459319,228.18395271637922,247.21277629341753,247.75106082036774,448.2291666666667,862.6190476190476,347.8989555501579,270.3862722573234,1034.1639344262296,578.7747379296773,87.36193372818953,219.72573233773693,606.0415659739004,963.4807475430965,766.7468944099379,690.1055260190108,895.5403645833334,881.1588541666667,264.6182495344506,1207.983606557377,15.415019762845851,397.554171411703,566.4903533849383,813.8032786885246,610.5625,291.326613229698,263.90575661889727,788.5290800708877,677.34375,272.79572504250666,290.9723908995223,383.7442312363371,1286.9180327868853,867.8196721311475,895.2702380952381,480.48740992632173,788.4590163934428,755.0065104166666,1091.032786885246,415.9703904487011,284.30896283701725,159.52947954676398,1164.2624223602484,292.61598251153754,695.2131147540985,742.9672131147541,764.360655737705,883.704918032787,917.377049180328,300.18014735648933,349.92308315116185,11.209461608997511,984.1311475409836,397.8649063237995,301.5104478502379,1097.672131147541,814.032786885246,734.1803278688525,371.0792648368553,431.25854519811077,403.9345937418001,344.89497159538183,801.195652173913,563.6785714285713,175.58443423319932,304.27156842036214,800.5208333333334,612.7960367327211,762.3853211009174,616.4636700499436,551.2189440993789,388.8950268302283,477.3776908023483,276.1800663913853,721.547619047619,886.7673594328984,953.5901639344262,264.7916666666667,318.5470812079993,333.1633835457705,1016.40625,475.4864726449751,320.2352036272367,722.6190476190476,378.08145394909474,372.7160988585673,704.8477130977132,612.1091897233202,577.2556497175142,543.8021582733813,499.2517211703959,476.7174092409241,454.6014263074485,418.234375,392.9904552129222,371.79355524079324,358.8502051983585,345.1517857142857,325.7765685019206,315.43796526054587,205.49518652226232,288.62792056074767,279.705164585698,265.721302428256,2430.274358974359,2427.746153846154,2346.992307692308,1837.9489795918369,1516.257627118644,1253.640579710145,1085.3341772151898,950.9393258426967,847.8838383838382,766.5311926605505,652.5487394957983,582.7651162790697,538.7741007194245,1782.6076923076923,331.9891173576489,1764.0,310.8270585377702,362.46875,978.4505208333334,347.04939996064024,10701.35922330097,304.66561412031416,786.1147540983608,125.07830177718402,263.8328880252611,761.1024844720497,714.0760869565216,718.047619047619,1061.4130434782608,803.8043478260869,746.8167701863354,1689.0,363.04188703752294,289.3591612015221,459.43183855943323,857.1311475409836,174.64101091326825,156.59103963239517,339.6124791393335,17032.579999999998,400.8359646992146,786.9180327868853,884.9344262295083,1547.3114754098362,623.6065573770492,909.494925084582,669.0119047619047,1017.016393442623,349.2328556392195,226.5077541642734,643.3333333333333,819.0214285714285,236.283185840708,249.15391466278032,1322.8688524590166,1010.9180327868854,1113.7207990977927,375.8946643996437,229623.6103384938,656.6433566433567,425.748180464445,813.5250523602384,260.95255444903245,906.5081967213115,351.32377945105657,817.6065573770492,401.00931677018633,1263.1147540983607,4.004697430229346,1.2466244144392395,1.3173948887056883,1.4798574952041657,2.01448483192129,1.1022076860179886,1.401739603153031,1.7045269720791543,1.507704785077048,3.908331086546239
Textiles and Wearing Apparel,45.330337624483846,116.27604166666667,44.229212209537685,147.52502399561223,19.783452335345054,218.6393442622951,28.40116559958016,137.36979166666669,22.870085207294675,0.0,34.533641000728686,17.929350947731187,12.822991616373656,424.16393442622956,34.252287264189135,85.13774770420493,40.5635171241195,33.40620192696947,78.9108910891089,155.83333333333334,85.47619047619047,47.012387660918144,26.201895462377944,307.88524590163934,93.67620047231698,22.016567952617258,21.29236071223435,59.85178024810698,87.22812953117447,175.916149068323,68.15691960689544,119.40104166666667,160.15625,35.758238199336084,239.5081967213115,8.646245059288539,32.04712121490422,40.25052134610338,271.1803278688525,212.1875,39.36725771192616,35.66108007448789,77.87900757209601,161.26302083333334,36.86341186948425,39.320702777103065,51.856125010120635,220.4426229508197,130.26229508196724,67.48452380952381,64.92996518500526,204.24590163934428,116.14583333333334,136.04918032786887,34.53300003935975,38.4199659946563,13.257153831380833,205.45807453416148,39.5413326856125,233.5081967213115,297.2786885245902,298.9180327868853,239.98360655737707,236.40983606557376,40.5635171241195,47.28564488705368,1.871362539064693,392.55737704918033,22.870085207294675,16.965851392727092,287.3770491803279,228.6393442622951,295.1803278688525,50.14573718727228,40.7684127656783,32.751453548937285,28.85691004985568,81.38975155279502,55.857142857142854,16.985927627800116,12.572332170034112,133.3984375,60.52279684227485,129.3577981651376,60.85468019977445,43.63354037267081,34.67800963657833,52.4853228962818,37.320864707311145,71.54761904761905,87.5785403576607,325.77049180327873,91.97916666666667,43.04712169055137,30.938586326767087,203.28125,22.372909446339545,43.27382398186381,71.60714285714286,27.676117606927317,27.51039235764891,97.22037422037423,84.42885375494072,79.62146892655369,75.00719424460432,68.86230636833047,65.75412541254126,62.70364500792394,57.68750000000001,54.205580029368576,51.28186968838527,49.496580027359784,47.60714285714286,44.93469910371319,43.50868486352357,28.34416365824308,39.810747663551396,38.58002270147559,36.65121412803532,335.2102564102564,334.8615384615385,323.7230769230769,253.51020408163265,209.13898305084746,172.91594202898548,149.70126582278482,131.16404494382022,116.94949494949493,105.72844036697248,90.00672268907562,80.38139534883722,74.3136690647482,245.87692307692308,18.25049372212018,672.0,42.00267184843332,125.9375,102.99479166666667,14.832410338493833,261.94174757281553,41.170755404420696,283.44262295081967,7.088707924459557,35.652983564083875,70.03105590062111,35.97826086956521,71.15476190476191,95.2639751552795,50.15527950310559,71.95652173913042,400.0,28.504743886119126,38.899684236094245,30.86632877197586,287.5737704918033,16.92418150488225,15.163699023549684,20.81923518105484,2110.56,54.16565460286616,241.04918032786887,295.29508196721315,278.75409836065575,264.91803278688525,89.82600289995166,66.29761904761904,252.36065573770495,47.192535017407494,21.951464675473865,63.75,81.16428571428571,29.42477876106195,33.66933851509999,336.19672131147547,271.5081967213115,109.99677783148059,50.795482147194555,19.244845257150352,185.31468531468533,29.27122318945159,80.33671661027871,35.262326937090116,313.5081967213115,47.47591288154805,174.85245901639342,9.627329192546583,327.49180327868856,0.0,0.0,0.0,0.0,0.0,0.0,0.0,0.0,0.0,0.0
Wood and Paper,0.0,0.0,0.0,25.373645961881255,4.495297545919707,75.64754098360656,6.442569294148518,0.0,5.199629879952768,0.0,0.0,18.437679494543367,2.900191965363422,180.8688524590164,0.0,45.67101659416788,0.0,0.0,5.926449787835926,56.66666666666667,0.0,0.0,26.950028719126937,105.95081967213115,13.38231435318814,9.338482471586362,21.90120620333142,20.782986950217495,31.719026905107135,101.20341614906832,23.663605606573224,0.0,0.0,0.0,106.72131147540985,0.0,7.271195572028339,9.135604690369982,89.3032786885246,74.375,0.0,0.0,27.038827130658934,0.0,0.0,0.0,0.0,111.89344262295081,74.13934426229508,0.0,0.0,89.38524590163935,0.0,78.50000000000001,7.85123396090265,0.0,13.015171884002305,125.54347826086956,0.0,88.65573770491802,89.56557377049181,113.87704918032787,83.99180327868854,90.04918032786885,0.0,0.0,0.0,117.75409836065573,5.17891422330097,40.08804021042718,109.44262295081968,81.24590163934427,79.63934426229508,0.0,9.259898628968774,7.436920827866702,6.546147578063501,124.61180124223601,0.0,17.48994830557151,2.838044994096038,0.0,21.013371999355567,136.3914373088685,21.128564523924602,31.05590062111801,7.871949619522435,19.060665362035223,0.0,0.0,30.409215401965522,101.21311475409836,33.4375,0.0,11.263035921205098,0.0,5.0753359387299914,0.0,0.0,6.291344998688008,6.256128381658357,145.83056133056135,126.64328063241109,119.4322033898305,112.51079136690647,103.2934595524957,98.63118811881189,94.05546751188591,86.53125,81.30837004405288,76.92280453257791,74.24487004103968,71.41071428571429,67.40204865556979,65.26302729528535,42.51624548736462,59.7161214953271,57.87003405221339,54.976821192052974,502.81538461538463,502.2923076923077,485.5846153846154,380.2653061224489,313.70847457627116,259.37391304347824,224.5518987341772,196.74606741573032,175.42424242424244,158.59266055045873,135.01008403361342,120.57209302325582,111.4705035971223,368.81538461538463,4.143131378903175,120.0,0.0,45.833333333333336,0.0,3.355936416950932,220.3883495145631,0.0,89.74590163934427,1.6107794383045908,0.0,0.0,23.05124223602484,0.0,43.20652173913043,28.532608695652172,53.45496894409938,0.0,6.463284950800315,0.0,7.018464556546839,82.68032786885247,17.40379092475589,15.5944859276278,4.7231697717134615,0.0,0.0,96.39344262295083,117.2704918032787,133.55737704918033,72.77868852459017,31.190591267923313,0.0,99.22950819672131,0.0,22.57754164273406,0.0,0.0,0.0,0.0,113.69672131147541,73.04098360655739,38.19316900273884,0.0,4.371003604696931,48.25174825174825,6.6497258659144585,27.89592395682294,0.0,89.14754098360656,0.0,75.12295081967214,52.17391304347826,109.31967213114756,1.46838905775076,0.45709561862772113,0.4830447925254191,0.5426144149081941,0.7386444383711397,0.4041428182065958,0.513971187822778,0.6249932230956899,0.5528250878615842,1.4330547317336209
"Petroleum, Chemical and Non-Metallic Mineral Products",0.0,0.0,0.0,0.0,0.0,0.0,0.0,0.0,0.0,0.0,0.0,0.0,0.0,0.0,0.0,0.0,0.0,0.0,0.0,0.0,0.0,0.0,0.0,0.0,0.0,0.0,0.0,0.0,0.0,0.0,0.0,0.0,0.0,0.0,0.0,0.0,0.0,0.0,0.0,0.0,0.0,0.0,0.0,0.0,0.0,0.0,0.0,0.0,0.0,0.0,0.0,0.0,0.0,0.0,0.0,0.0,0.0,0.0,0.0,0.0,0.0,0.0,0.0,0.0,0.0,0.0,0.0,0.0,0.0,0.0,0.0,0.0,0.0,0.0,0.0,0.0,0.0,0.0,0.0,0.0,0.0,0.0,0.0,0.0,0.0,0.0,0.0,0.0,0.0,0.0,0.0,0.0,0.0,0.0,0.0,0.0,0.0,0.0,0.0,0.0,0.0,0.0,0.0,0.0,0.0,0.0,0.0,0.0,0.0,0.0,0.0,0.0,0.0,0.0,0.0,0.0,0.0,0.0,0.0,0.0,0.0,0.0,0.0,0.0,0.0,0.0,0.0,0.0,0.0,0.0,0.0,0.0,0.0,0.0,0.0,0.0,0.0,0.0,0.0,0.0,0.0,0.0,0.0,0.0,0.0,0.0,0.0,0.0,0.0,0.0,0.0,0.0,0.0,0.0,0.0,0.0,0.0,0.0,0.0,0.0,0.0,0.0,0.0,0.0,0.0,0.0,0.0,0.0,0.0,0.0,0.0,0.0,0.0,0.0,0.0,0.0,0.0,0.0,0.0,0.0,0.0,0.0,0.0,0.0,0.0,0.0,0.0,0.0,0.0,0.0,0.0,0.0,0.0,0.0,0.0,0.0,0.0
Metal Products,0.0,0.0,0.0,0.0,0.0,0.0,0.0,0.0,0.0,0.0,0.0,0.0,0.0,0.0,0.0,0.0,0.0,0.0,2.1216407355021216,0.0,0.0,0.0,0.0,0.0,0.0,0.0,0.0,0.0,0.0,0.0,0.0,0.0,0.0,0.0,0.0,0.0,0.0,0.0,0.0,0.0,0.0,0.0,0.0,0.0,0.0,0.0,0.0,0.0,0.0,0.0,0.0,0.0,0.0,0.0,0.0,0.0,0.0,0.0,0.0,0.0,0.0,0.0,0.0,0.0,0.0,0.0,0.0,0.0,0.0,0.0,0.0,0.0,0.0,0.0,0.0,0.0,0.0,0.0,0.0,0.0,0.0,0.0,0.0,0.0,0.0,0.0,0.0,0.0,0.0,0.0,0.0,0.0,0.0,0.0,0.0,0.0,0.0,0.0,0.0,0.0,0.0,0.0,0.0,0.0,0.0,0.0,0.0,0.0,0.0,0.0,0.0,0.0,0.0,0.0,0.0,0.0,0.0,0.0,0.0,0.0,0.0,0.0,0.0,0.0,0.0,0.0,0.0,0.0,0.0,0.0,0.0,0.0,0.0,0.0,0.0,0.0,0.0,0.0,0.0,0.0,0.0,0.0,0.0,0.0,0.0,0.0,0.0,0.0,0.0,0.0,0.0,0.0,0.0,0.0,0.0,0.0,0.0,0.0,0.0,0.0,0.0,0.0,0.0,0.0,0.0,0.0,0.0,0.0,0.0,0.0,0.0,0.0,0.0,0.0,0.0,0.0,0.0,0.0,0.0,0.0,0.0,0.0,0.0,0.0,0.0,0.0,0.0,0.0,0.0,0.0,0.0,0.0,0.0,0.0,0.0,0.0,0.0
Electrical and Machinery,6.252530159501255,0.0,5.629098858392033,25.373645961881255,28.31830297166098,75.64754098360656,40.66483447913934,0.0,32.751453548937285,3.6069953849890695,4.394381021779613,18.437679494543367,18.37478766727893,0.0,4.357946724961542,45.67101659416788,5.161525382560116,4.250667962108331,37.01555869872701,56.66666666666667,80.35714285714285,5.983321188567727,26.950028719126937,105.95081967213115,84.31272356336919,9.338482471586362,21.90120620333142,20.782986950217495,31.719026905107135,101.20341614906832,23.663605606573224,0.0,0.0,4.550238847056918,106.72131147540985,0.0,45.90589567698767,57.63095747835214,89.3032786885246,74.375,5.009715812484819,4.538094081450894,27.038827130658934,0.0,4.689903651526192,5.003643429681807,6.598655979272933,111.89344262295081,74.13934426229508,63.39404761904761,8.262488867298194,89.38524590163935,0.0,78.50000000000001,49.46898866439255,4.888268156424581,13.015171884002305,125.54347826086956,5.031981216095862,88.65573770491802,89.56557377049181,113.87704918032787,83.99180327868854,90.04918032786885,5.161525382560116,6.017731357784794,1.2163856503920505,117.75409836065573,32.7307378903175,53.89927364695705,109.44262295081968,81.24590163934427,79.63934426229508,6.382074325965508,58.3974367816846,46.90024720545788,41.327735502492786,124.61180124223601,52.46428571428571,17.48994830557151,18.001905838362635,0.0,21.013371999355567,0.0,21.128564523924602,31.05590062111801,49.655429572290736,0.0,4.748603351955307,67.14285714285714,30.409215401965522,101.21311475409836,33.4375,5.477289288316736,0.0,0.0,32.04504964576227,5.507651202331795,67.26190476190476,39.629051639989505,39.40117940829179,0.0,0.0,0.0,0.0,0.0,0.0,0.0,0.0,0.0,0.0,0.0,0.0,0.0,0.0,0.0,0.0,0.0,0.0,0.0,0.0,0.0,0.0,0.0,0.0,0.0,0.0,0.0,0.0,0.0,0.0,0.0,0.0,26.1431590002624,0.0,5.345720994251478,45.833333333333336,0.0,21.254263972710575,0.0,5.238442231398267,89.74590163934427,10.15046725366367,4.53606995384989,0.0,23.05124223602484,66.84523809523809,43.20652173913043,28.532608695652172,53.45496894409938,0.0,40.8305597349777,4.975305643267752,44.20721180792443,82.68032786885247,17.40379092475589,15.5944859276278,29.830545926266073,0.0,6.892154481418508,96.39344262295083,117.2704918032787,133.55737704918033,72.77868852459017,31.190591267923313,62.26190476190476,99.22950819672131,6.005586592178771,22.57754164273406,59.88095238095238,76.2452380952381,32.74336283185841,4.285078131325399,113.69672131147541,73.04098360655739,38.19316900273884,6.463039430005668,27.57253932694831,48.25174825174825,41.92848954998688,27.89592395682294,4.487490891425796,89.14754098360656,6.042020888996842,75.12295081967214,52.17391304347826,109.31967213114756,0.0,0.0,0.0,0.0,0.0,0.0,0.0,0.0,0.0,0.0
Transport Equipment,0.0,0.0,0.0,0.0,0.0,0.0,0.0,0.0,0.0,0.0,0.0,0.0,0.0,180.8688524590164,0.0,0.0,0.0,0.0,29.674681753889676,0.0,0.0,0.0,0.0,0.0,0.0,0.0,0.0,0.0,0.0,0.0,0.0,0.0,0.0,0.0,0.0,0.0,0.0,0.0,0.0,0.0,0.0,0.0,0.0,0.0,0.0,0.0,0.0,0.0,0.0,0.0,0.0,0.0,0.0,0.0,0.0,0.0,0.0,0.0,0.0,0.0,0.0,0.0,0.0,0.0,0.0,0.0,0.0,0.0,0.0,0.0,0.0,0.0,0.0,0.0,0.0,0.0,0.0,0.0,0.0,0.0,0.0,0.0,0.0,0.0,0.0,0.0,0.0,0.0,0.0,0.0,0.0,0.0,0.0,0.0,0.0,0.0,0.0,0.0,0.0,0.0,0.0,0.0,0.0,0.0,0.0,0.0,0.0,0.0,0.0,0.0,0.0,0.0,0.0,0.0,0.0,0.0,0.0,0.0,0.0,0.0,0.0,0.0,0.0,0.0,0.0,0.0,0.0,0.0,0.0,0.0,0.0,0.0,0.0,0.0,0.0,0.0,0.0,0.0,0.0,0.0,0.0,0.0,0.0,0.0,0.0,0.0,0.0,0.0,0.0,0.0,0.0,0.0,0.0,0.0,0.0,0.0,0.0,0.0,0.0,0.0,0.0,0.0,0.0,0.0,0.0,0.0,0.0,0.0,0.0,0.0,0.0,0.0,0.0,0.0,0.0,0.0,0.0,0.0,0.0,0.0,0.0,0.0,0.0,0.0,0.0,0.0,0.0,0.0,0.0,0.0,0.0,0.0,0.0,0.0,0.0,0.0,0.0
Other Manufacturing,0.0,0.0,0.0,0.0,0.0,0.0,0.0,0.0,0.0,0.0,0.0,0.0,0.0,0.0,0.0,0.0,0.0,0.0,14.497878359264497,0.0,0.0,0.0,0.0,0.0,0.0,0.0,0.0,0.0,0.0,0.0,0.0,0.0,0.0,0.0,0.0,0.0,0.0,0.0,0.0,0.0,0.0,0.0,0.0,0.0,0.0,0.0,0.0,0.0,0.0,0.0,0.0,0.0,0.0,0.0,0.0,0.0,0.0,0.0,0.0,0.0,0.0,0.0,0.0,0.0,0.0,0.0,0.0,0.0,0.0,0.0,0.0,0.0,0.0,0.0,0.0,0.0,0.0,0.0,0.0,0.0,0.0,0.0,0.0,0.0,0.0,0.0,0.0,0.0,0.0,0.0,0.0,0.0,0.0,0.0,0.0,0.0,0.0,0.0,0.0,0.0,0.0,0.0,0.0,0.0,0.0,0.0,0.0,0.0,0.0,0.0,0.0,0.0,0.0,0.0,0.0,0.0,0.0,0.0,0.0,0.0,0.0,0.0,0.0,0.0,0.0,0.0,0.0,0.0,0.0,0.0,0.0,0.0,0.0,0.0,0.0,0.0,0.0,0.0,0.0,0.0,0.0,0.0,0.0,0.0,0.0,0.0,0.0,0.0,0.0,0.0,0.0,0.0,0.0,0.0,0.0,0.0,0.0,0.0,0.0,0.0,0.0,0.0,0.0,0.0,0.0,0.0,0.0,0.0,0.0,0.0,0.0,0.0,0.0,0.0,0.0,0.0,0.0,0.0,0.0,0.0,0.0,0.0,0.0,0.0,0.0,0.0,0.0,0.0,0.0,0.0,0.0,0.0,0.0,0.0,0.0,0.0,0.0
Recycling,0.0,0.0,0.0,0.0,0.0,0.0,0.0,0.0,0.0,0.0,0.0,0.0,0.0,0.0,0.0,0.0,0.0,0.0,0.0,0.0,0.0,0.0,0.0,0.0,0.0,0.0,0.0,0.0,0.0,0.0,0.0,0.0,0.0,0.0,0.0,0.0,0.0,0.0,0.0,0.0,0.0,0.0,0.0,0.0,0.0,0.0,0.0,0.0,0.0,0.0,0.0,0.0,0.0,0.0,0.0,0.0,0.0,0.0,0.0,0.0,0.0,0.0,0.0,0.0,0.0,0.0,0.0,0.0,0.0,0.0,0.0,0.0,0.0,0.0,0.0,0.0,0.0,0.0,0.0,0.0,0.0,0.0,0.0,0.0,0.0,0.0,0.0,0.0,0.0,0.0,0.0,0.0,0.0,0.0,0.0,0.0,0.0,0.0,0.0,0.0,0.0,0.0,0.0,0.0,0.0,0.0,0.0,0.0,0.0,0.0,0.0,0.0,0.0,0.0,0.0,0.0,0.0,0.0,0.0,0.0,0.0,0.0,0.0,0.0,0.0,0.0,0.0,0.0,0.0,0.0,0.0,0.0,0.0,0.0,0.0,0.0,0.0,0.0,0.0,0.0,0.0,0.0,0.0,0.0,0.0,0.0,0.0,0.0,0.0,0.0,0.0,0.0,0.0,0.0,0.0,0.0,0.0,0.0,0.0,0.0,0.0,0.0,0.0,0.0,0.0,0.0,0.0,0.0,0.0,0.0,0.0,0.0,0.0,0.0,0.0,0.0,0.0,0.0,0.0,0.0,0.0,0.0,0.0,0.0,0.0,0.0,0.0,0.0,0.0,0.0,0.0,0.0,0.0,0.0,0.0,0.0,0.0
"Electricity, Gas and Water",6.442798153995628,188.93229166666669,66.74661970690632,198.25174825174824,22.020743276043035,580.7213114754098,31.612092416688533,164.84375,25.48025797690895,42.76981620921383,52.116225406849644,18.767949454336588,14.293803253739178,1689.9016393442623,51.690146546838314,90.45915901401644,46.5336814832807,50.413934094405306,57.66619519094766,530.625,208.92857142857142,70.94769654279006,27.43681792073521,577.1803278688525,65.57541189320389,21.565351368656955,22.28604250430787,63.597551151925245,101.1060093442887,640.6055900621118,72.41823747381989,179.1015625,173.56770833333334,53.96324184276577,890.9344262295082,0.0,35.693076830228286,44.828681520598266,579.9508196721312,722.65625,59.41016921706744,53.81851671929398,82.74528757854036,161.26302083333334,55.63112298599304,59.3383126872318,78.25682131001538,867.4590163934427,555.688524590164,164.88095238095238,97.98599303700105,482.3770491803279,145.18229166666669,606.1967213114755,38.46897484912097,0.0,26.295371615133472,842.3757763975154,59.673305805197955,612.4262295081968,574.3934426229508,514.0983606557377,586.0819672131148,584.8524590163935,61.21569103716298,71.35960650959436,2.1333532945337503,593.3278688524591,25.45954232484912,122.03689933117565,836.3114754098361,553.6229508196722,546.032786885246,75.67403449113432,45.388004250852795,36.48027179218053,32.15069950144319,362.4223602484472,136.42857142857142,17.805858701895463,14.001712496720021,160.12369791666669,64.30562268406638,429.8165137614679,64.65281134203319,133.15217391304347,38.61398444633954,169.00195694716243,56.321350497935384,174.76190476190476,93.05622684066377,725.9344262295082,313.3854166666667,64.96133916282082,285.28389339513325,813.1184895833334,24.920935240094465,65.3054408549915,175.0,30.82489745473629,30.638456546838103,243.05093555093558,211.0721343873518,199.05367231638417,187.5179856115108,172.15576592082618,164.38531353135315,156.75911251980983,144.21875000000003,135.51395007342146,128.20467422096317,123.74145006839946,119.01785714285715,112.33674775928299,108.77171215880894,70.8604091456077,99.5268691588785,96.45005675368898,91.62803532008829,838.0256410256411,837.1538461538462,809.3076923076924,633.7755102040816,522.8474576271186,432.28985507246375,374.253164556962,327.91011235955057,292.37373737373736,264.3211009174312,225.01680672268904,200.95348837209303,185.7841726618705,614.6923076923077,20.342775072159537,501.0,63.386567889239736,429.0104166666667,128.74348958333334,16.539380464445028,189.32038834951456,62.130596712816775,496.327868852459,7.8992112298599295,53.80333576228645,200.46583850931677,82.62422360248448,173.94047619047618,260.3649068322981,210.32608695652172,277.1350931677018,1601.0,31.75710202046707,59.009391952068654,34.387990442141174,565.0,17.71970132107984,15.881677197013211,23.2015357189714,6627.9,0.0,593.5081967213115,658.2950819672132,1905.1967213114756,475.2131147540984,95.4406315450298,162.02380952380952,522.3114754098361,71.21892964132459,22.975301550832853,155.83333333333331,198.40119047619046,86.28318584070797,50.80965104040158,860.8852459016393,556.983606557377,116.87207990977929,75.64367257711926,21.44070488716872,0.0,32.60644395171871,85.35524407926535,53.2163387579953,534.8852459016395,71.64602056513642,568.7868852459017,110.63664596273291,1131.4590163934427,0.8009394860458691,0.24932488288784793,0.26347897774113765,0.29597149904083314,0.402896966384258,0.22044153720359771,0.28034792063060615,0.3409053944158309,0.3015409570154096,0.7816662173092479
Construction,62.91595822200631,188.93229166666669,66.74661970690632,198.25174825174824,86.23927965101024,0.0,123.9210595644188,164.84375,99.82875059039623,42.76981620921383,52.116225406849644,5.37047673750718,56.015136237208075,0.0,51.690146546838314,90.45915901401644,46.5336814832807,50.413934094405306,218.64214992927862,530.625,208.92857142857142,70.94769654279006,7.854681217690982,0.0,256.93629244292833,21.565351368656955,6.375646180356117,63.597551151925245,101.1060093442887,640.6055900621118,72.41823747381989,179.1015625,173.56770833333334,53.96324184276577,0.0,28.379446640316207,139.9135466413015,175.66877046706904,0.0,722.65625,59.41016921706744,53.81851671929398,82.74528757854036,161.26302083333334,55.63112298599304,59.3383126872318,78.25682131001538,0.0,0.0,164.88095238095238,97.98599303700105,0.0,145.18229166666669,0.0,150.76855083967462,57.980123066958136,0.0,842.3757763975154,59.673305805197955,0.0,0.0,0.0,0.0,0.0,0.0,71.35960650959436,0.13099537773452852,0.0,99.78731927315665,122.03689933117565,0.0,0.0,0.0,75.67403449113432,177.9682083442666,143.1451891235896,125.97190953817895,362.4223602484472,136.42857142857142,5.09764503159104,54.867488848071375,160.12369791666669,64.30562268406638,429.8165137614679,64.65281134203319,133.15217391304347,151.32787358960903,0.0,56.321350497935384,174.76190476190476,93.05622684066377,0.0,313.3854166666667,64.96133916282082,0.0,813.1184895833334,97.65360659931777,65.3054408549915,175.0,120.7929953424298,120.13009433219628,0.0,0.0,0.0,0.0,0.0,0.0,0.0,0.0,0.0,0.0,0.0,0.0,0.0,0.0,0.0,0.0,0.0,0.0,0.0,0.0,0.0,0.0,0.0,0.0,0.0,0.0,0.0,0.0,0.0,0.0,0.0,0.0,79.71384774337444,477.0,63.386567889239736,429.0104166666667,128.74348958333334,64.79857476384151,0.0,62.130596712816775,0.0,30.953811533479072,53.80333576228645,200.46583850931677,82.62422360248448,173.94047619047618,260.3649068322981,210.32608695652172,277.1350931677018,0.0,124.45966662293363,59.009391952068654,157.52185502492785,0.0,5.068925904652499,4.5376220562894884,90.91480339805825,0.0,817.4236903894421,0.0,0.0,0.0,0.0,95.4406315450298,162.02380952380952,0.0,71.21892964132459,6.576680068925905,155.83333333333331,198.40119047619046,0.0,50.80965104040158,0.0,0.0,116.87207990977929,75.64367257711926,84.04342003411178,555.2447552447553,127.80524521123066,85.35524407926535,53.2163387579953,0.0,71.64602056513642,0.0,110.63664596273291,0.0,2.93677811550152,0.9141912372554423,0.9660895850508382,1.0852288298163881,1.4772888767422794,0.8082856364131916,1.027942375645556,1.2499864461913799,1.1056501757231685,2.8661094634672417
Maintenance and Repair,0.0,232.55208333333334,0.0,0.0,0.0,0.0,0.0,0.0,0.0,0.0,0.0,18.437679494543367,0.0,0.0,0.0,45.67101659416788,0.0,0.0,9.533239038189533,56.66666666666667,208.92857142857142,0.0,26.950028719126937,0.0,0.0,9.338482471586362,21.90120620333142,20.782986950217495,31.719026905107135,0.0,23.663605606573224,208.91927083333334,240.29947916666669,0.0,0.0,8.063241106719367,0.0,0.0,0.0,74.375,0.0,0.0,27.038827130658934,258.0078125,0.0,0.0,0.0,0.0,0.0,164.88095238095238,0.0,0.0,203.25520833333334,0.0,0.0,57.980123066958136,0.0,0.0,0.0,0.0,0.0,0.0,0.0,0.0,0.0,0.0,0.0,0.0,0.0,40.08804021042718,0.0,0.0,0.0,0.0,0.0,0.0,0.0,0.0,136.42857142857142,17.48994830557151,0.0,266.8619791666667,21.013371999355567,0.0,21.128564523924602,0.0,0.0,0.0,0.0,174.76190476190476,30.409215401965522,0.0,33.4375,0.0,0.0,254.1015625,0.0,0.0,175.0,0.0,0.0,0.0,0.0,0.0,0.0,0.0,0.0,0.0,0.0,0.0,0.0,0.0,0.0,0.0,0.0,0.0,0.0,0.0,0.0,0.0,0.0,0.0,0.0,0.0,0.0,0.0,0.0,0.0,0.0,0.0,0.0,0.0,0.0,0.0,120.0,0.0,45.833333333333336,205.98958333333334,0.0,0.0,0.0,0.0,0.0,0.0,0.0,0.0,173.94047619047618,0.0,0.0,0.0,0.0,0.0,0.0,0.0,0.0,17.40379092475589,15.5944859276278,0.0,0.0,81.74236903894422,0.0,0.0,0.0,0.0,31.190591267923313,162.02380952380952,0.0,0.0,22.57754164273406,155.83333333333331,198.40119047619046,0.0,0.0,0.0,0.0,38.19316900273884,0.0,0.0,0.0,0.0,27.89592395682294,0.0,0.0,0.0,0.0,0.0,0.0,0.0,0.0,0.0,0.0,0.0,0.0,0.0,0.0,0.0,0.0
Wholesale Trade,0.0,0.0,0.0,0.0,0.0,0.0,0.0,219.79166666666669,0.0,0.0,0.0,0.0,0.0,0.0,0.0,0.0,0.0,0.0,0.0,0.0,0.0,0.0,0.0,0.0,0.0,0.0,0.0,0.0,0.0,0.0,0.0,0.0,0.0,0.0,0.0,0.0,0.0,0.0,0.0,0.0,0.0,0.0,0.0,0.0,0.0,0.0,0.0,0.0,0.0,0.0,0.0,0.0,0.0,0.0,0.0,0.0,0.0,0.0,0.0,0.0,0.0,0.0,0.0,0.0,0.0,0.0,0.0,0.0,0.0,0.0,0.0,0.0,0.0,0.0,0.0,0.0,0.0,0.0,0.0,0.0,0.0,0.0,0.0,0.0,0.0,0.0,0.0,0.0,0.0,0.0,0.0,0.0,0.0,0.0,0.0,0.0,0.0,0.0,0.0,0.0,0.0,0.0,0.0,0.0,0.0,0.0,0.0,0.0,0.0,0.0,0.0,0.0,0.0,0.0,0.0,0.0,0.0,0.0,0.0,0.0,0.0,0.0,0.0,0.0,0.0,0.0,0.0,0.0,0.0,0.0,0.0,0.0,0.0,0.0,0.0,0.0,0.0,0.0,0.0,0.0,0.0,0.0,0.0,0.0,0.0,0.0,0.0,0.0,0.0,0.0,0.0,0.0,0.0,0.0,0.0,0.0,0.0,0.0,0.0,0.0,0.0,0.0,0.0,0.0,0.0,0.0,0.0,0.0,0.0,0.0,0.0,0.0,0.0,0.0,0.0,0.0,0.0,0.0,0.0,0.0,0.0,0.0,0.0,0.0,0.0,0.0,0.0,0.0,0.0,0.0,0.0,0.0,0.0,0.0,0.0,0.0,0.0
Retail Trade,0.0,0.0,0.0,0.0,0.0,0.0,0.0,0.0,0.0,0.0,0.0,0.0,0.0,0.0,0.0,0.0,0.0,0.0,0.0,0.0,0.0,0.0,0.0,0.0,0.0,0.0,0.0,0.0,0.0,0.0,0.0,0.0,0.0,0.0,0.0,0.0,0.0,0.0,0.0,0.0,0.0,0.0,0.0,0.0,0.0,0.0,0.0,0.0,0.0,0.0,0.0,0.0,0.0,0.0,0.0,0.0,0.0,0.0,0.0,0.0,0.0,0.0,0.0,0.0,0.0,0.0,0.0,0.0,0.0,0.0,0.0,0.0,0.0,0.0,0.0,0.0,0.0,0.0,0.0,0.0,0.0,0.0,0.0,0.0,0.0,0.0,0.0,0.0,0.0,0.0,0.0,0.0,0.0,0.0,0.0,0.0,0.0,0.0,0.0,0.0,0.0,0.0,0.0,0.0,0.0,0.0,0.0,0.0,0.0,0.0,0.0,0.0,0.0,0.0,0.0,0.0,0.0,0.0,0.0,0.0,0.0,0.0,0.0,0.0,0.0,0.0,0.0,0.0,0.0,0.0,0.0,0.0,0.0,0.0,0.0,0.0,0.0,0.0,0.0,0.0,0.0,0.0,0.0,0.0,0.0,0.0,0.0,0.0,0.0,0.0,0.0,0.0,0.0,0.0,0.0,0.0,0.0,0.0,0.0,0.0,0.0,0.0,0.0,0.0,0.0,0.0,0.0,0.0,0.0,0.0,0.0,0.0,0.0,0.0,0.0,0.0,0.0,0.0,0.0,0.0,0.0,0.0,0.0,0.0,0.0,0.0,0.0,0.0,0.0,0.0,0.0,0.0,0.0,0.0,0.0,0.0,0.0
Hotels and Restraurants,0.0,116.27604166666667,0.0,0.0,0.0,0.0,0.0,137.36979166666669,0.0,0.0,0.0,0.0,0.0,0.0,0.0,78.04333816658611,0.0,0.0,70.97595473833097,68.75,0.0,0.0,0.0,0.0,0.0,38.88466463902673,0.0,54.86547446431448,0.0,0.0,0.0,238.80208333333334,133.46354166666669,0.0,0.0,6.343873517786562,0.0,0.0,0.0,93.64583333333334,0.0,0.0,71.38714354760754,225.78125,0.0,0.0,0.0,0.0,0.0,0.0,0.0,0.0,174.21875,0.0,0.0,0.0,0.0,0.0,0.0,0.0,0.0,0.0,0.0,0.0,0.0,0.0,0.0,0.0,0.0,0.0,0.0,0.0,0.0,0.0,0.0,0.0,0.0,0.0,0.0,0.0,0.0,106.70572916666667,55.47768648300306,456.5749235474006,55.779764781698084,0.0,0.0,25.753424657534246,0.0,0.0,62.03479942000967,0.0,40.625,0.0,4.692931633835458,304.8828125,0.0,0.0,0.0,0.0,0.0,0.0,0.0,0.0,0.0,0.0,0.0,0.0,0.0,0.0,0.0,0.0,0.0,0.0,0.0,0.0,0.0,0.0,0.0,0.0,0.0,0.0,0.0,0.0,0.0,0.0,0.0,0.0,0.0,0.0,0.0,0.0,0.0,0.0,252.0,0.0,55.520833333333336,102.99479166666667,0.0,314.5631067961165,0.0,0.0,0.0,0.0,0.0,0.0,0.0,0.0,0.0,0.0,0.0,0.0,0.0,0.0,0.0,0.0,0.0,0.0,518.38,0.0,0.0,0.0,0.0,0.0,82.3417109714838,0.0,0.0,0.0,0.0,0.0,0.0,0.0,0.0,0.0,0.0,100.82970839374899,0.0,0.0,74.82517482517483,0.0,73.64266151119703,0.0,0.0,0.0,0.0,0.0,0.0,0.0,0.0,0.0,0.0,0.0,0.0,0.0,0.0,0.0,0.0
Transport,89.87936199498016,377.86458333333337,110.17124119504493,103.32510626628273,34.85409272500656,157.7786885245902,50.017953568617166,274.73958333333337,40.302310489372864,70.59752246781636,86.0233989150676,0.0,22.611139497507217,316.1639344262295,85.32102663751922,111.74399871113259,101.04242571451704,83.21390980487409,80.77793493635077,530.6979166666666,191.66666666666666,117.10590235608453,0.0,164.72950819672133,103.71293623720808,69.03913878661758,0.0,78.55646850330272,124.89527952311906,174.22360248447205,89.45545352021911,238.80208333333334,186.9140625,89.07173508217957,224.40983606557378,31.98616600790514,56.47088069404356,70.90969351876147,133.5,723.3333333333334,98.0629098858392,88.83288802526111,102.21524085709683,483.8541666666667,91.82454861954497,97.94348635737997,129.17172698566918,297.16393442622956,151.3032786885246,151.3095238095238,161.735891830621,153.5327868852459,406.5104166666667,176.7377049180328,60.85224212149043,95.70075297546757,19.4709045515652,182.6086956521739,98.49607319245405,200.68852459016395,168.37704918032787,142.21311475409837,147.72950819672133,201.81147540983608,101.04242571451704,117.78600923002186,2.1894941707056907,253.7131147540984,40.281594830753086,40.08804021042718,287.2131147540984,133.41803278688525,182.9672131147541,124.90891425795482,71.83154027814223,57.70346227368145,50.846579847808975,81.90993788819875,125.26190476190476,0.0,22.145037221201786,213.4765625,79.43450942484291,525.0764525993884,79.8670855485742,25.100931677018632,61.080114353188144,36.28180039138943,92.9641324589102,160.23809523809524,114.95086193007894,199.53278688524594,313.64583333333337,107.22613553558416,69.45538818076477,355.7291666666667,29.053708790343745,107.79289126386527,160.5952380952381,48.75429849776962,0.0,607.627338877339,527.6803359683795,497.6341807909605,468.79496402877703,430.38941480206546,410.9632838283829,391.8977812995246,360.546875,338.7848751835536,320.5116855524079,309.35362517099867,297.5446428571429,280.84186939820745,271.9292803970223,177.15102286401924,248.81717289719626,241.12514188422247,229.07008830022073,2095.0641025641025,2092.8846153846152,2023.2692307692307,1584.4387755102039,1307.1186440677966,1080.7246376811593,935.632911392405,819.7752808988764,730.9343434343434,660.802752293578,562.5420168067227,502.3837209302325,464.46043165467626,1536.7307692307693,32.17141515350302,780.0,104.62715569589507,429.375,231.70572916666669,26.153516826292314,662.4271844660194,102.552424904866,209.24590163934428,12.493128619140151,88.80859849404906,38.29968944099379,8.990683229813664,159.5595238095238,97.47670807453416,29.270186335403725,69.02173913043478,532.0,50.23546796772501,97.4010201603109,54.388957176594076,183.21311475409837,0.0,0.0,36.687428358698504,2332.7200000000003,134.92429762772244,200.58196721311475,194.80327868852459,311.59836065573774,140.14754098360658,117.8983405832125,148.66666666666666,177.7704918032787,117.5532345559064,0.0,142.85714285714286,182.0047619047619,80.53097345132744,83.86770301999837,255.24590163934428,141.81147540983608,144.3692605123248,126.52821633875799,33.92188816583574,198.6013986013986,51.58198566649174,105.44546479780892,87.83904137316816,197.27049180327867,118.25763096105578,213.79508196721315,46.8555900621118,368.344262295082,1.3348991434097819,0.41554147147974657,0.43913162956856283,0.49328583173472185,0.6714949439737633,0.36740256200599625,0.4672465343843436,0.5681756573597181,0.5025682616923494,1.3027770288487464
Post and Telecommunications,51.5828677839851,232.55208333333334,58.703748684317056,103.32510626628273,34.85409272500656,157.7786885245902,50.017953568617166,219.79166666666669,40.302310489372864,37.61638733705772,45.836369524734835,0.0,22.611139497507217,316.1639344262295,45.46190591854911,58.532302239407116,53.839770059104524,44.340539227592906,43.8048090523338,110.83333333333334,64.76190476190476,62.3998056837503,0.0,164.72950819672133,103.71293623720808,19.669441331839284,0.0,41.14709199291123,65.42129853391332,174.22360248447205,46.858385693571776,268.6197916666667,240.29947916666669,47.46174398834102,224.40983606557378,9.940711462450594,56.47088069404356,70.90969351876147,133.5,169.16666666666669,52.252854019917415,47.334223949477774,53.53632995005639,258.0078125,48.9292364990689,52.188081936685286,68.8284349445389,297.16393442622956,151.3032786885246,51.125,86.17925674034491,153.5327868852459,232.29166666666669,176.7377049180328,60.85224212149043,50.99384665209295,19.4709045515652,182.6086956521739,52.483604566431865,200.68852459016395,168.37704918032787,142.21311475409837,147.72950819672133,201.81147540983608,53.839770059104524,62.76212452433001,0.0,253.7131147540984,40.281594830753086,0.0,287.2131147540984,133.41803278688525,182.9672131147541,66.55533964861145,71.83154027814223,57.70346227368145,50.846579847808975,81.90993788819875,42.3095238095238,0.0,22.145037221201786,320.24739583333337,41.60947317544707,190.51987767584097,41.83502497180602,25.100931677018632,61.080114353188144,23.835616438356162,49.534450651769085,54.166666666666664,60.21185758015144,199.53278688524594,65.41666666666667,57.13504979353898,35.66628041714948,355.7291666666667,0.0,57.43664480608857,54.285714285714285,48.75429849776962,0.0,0.0,0.0,0.0,0.0,0.0,0.0,0.0,0.0,0.0,0.0,0.0,0.0,0.0,0.0,0.0,0.0,0.0,0.0,0.0,0.0,0.0,0.0,0.0,0.0,0.0,0.0,0.0,0.0,0.0,0.0,0.0,0.0,32.17141515350302,444.0,55.74852238685126,89.58333333333334,205.98958333333334,26.153516826292314,288.05825242718447,54.6433487167031,209.24590163934428,12.493128619140151,47.320055056270746,38.29968944099379,8.990683229813664,53.904761904761905,97.47670807453416,29.270186335403725,69.02173913043478,0.0,50.23546796772501,51.89863168974172,54.388957176594076,183.21311475409837,0.0,0.0,36.687428358698504,1851.36,71.89296413245891,200.58196721311475,194.80327868852459,311.59836065573774,140.14754098360658,61.75608184308039,50.238095238095234,177.7704918032787,62.63865274066877,0.0,48.214285714285715,61.488095238095234,0.0,44.686665047364585,255.24590163934428,141.81147540983608,254.36684388593522,67.41964213424014,33.92188816583574,123.07692307692308,51.58198566649174,55.22796842274851,46.80390251801473,197.27049180327867,63.0131163468545,213.79508196721315,46.8555900621118,368.344262295082,0.5339596573639127,0.1662165885918986,0.17565265182742512,0.19731433269388876,0.2685979775895054,0.14696102480239848,0.18689861375373745,0.22727026294388725,0.20102730467693972,0.5211108115394986
Finacial Intermediation and Business Activities,0.0,0.0,0.0,0.0,0.0,0.0,0.0,0.0,0.0,0.0,0.0,0.0,0.0,0.0,0.0,0.0,0.0,0.0,0.0,0.0,0.0,0.0,0.0,0.0,0.0,41.988154314070755,0.0,0.0,0.0,0.0,0.0,0.0,0.0,0.0,0.0,0.0,0.0,0.0,0.0,0.0,0.0,0.0,0.0,0.0,0.0,0.0,0.0,0.0,0.0,0.0,0.0,0.0,0.0,0.0,0.0,0.0,0.0,0.0,0.0,0.0,0.0,0.0,0.0,0.0,0.0,0.0,0.07485450156258773,0.0,0.0,17.65747414937432,0.0,0.0,0.0,0.0,0.0,0.0,0.0,0.0,0.0,0.0,0.0,0.0,0.0,0.0,0.0,0.0,0.0,0.0,0.0,0.0,0.0,0.0,0.0,0.0,0.0,0.0,0.0,0.0,0.0,0.0,0.0,72.91528066528068,63.321640316205546,59.71610169491525,56.25539568345324,51.64672977624785,49.315594059405946,47.027733755942954,43.265625,40.65418502202644,38.46140226628896,37.12243502051984,35.705357142857146,33.70102432778489,32.63151364764268,21.25812274368231,29.85806074766355,28.935017026106696,27.488410596026487,251.40769230769232,251.14615384615385,242.7923076923077,190.13265306122446,156.85423728813558,129.68695652173912,112.2759493670886,98.37303370786516,87.71212121212122,79.29633027522937,67.50504201680671,60.28604651162791,55.73525179856115,184.40769230769232,0.0,0.0,0.0,0.0,0.0,0.0,0.0,0.0,0.0,0.0,0.0,0.0,0.0,0.0,0.0,0.0,0.0,0.0,0.0,0.0,0.0,0.0,0.0,0.0,0.0,0.0,0.0,0.0,0.0,0.0,0.0,0.0,0.0,0.0,0.0,0.0,0.0,0.0,58.407079646017706,0.0,0.0,0.0,0.0,0.0,0.0,0.0,0.0,0.0,0.0,0.0,0.0,0.0,0.0,0.0,0.0,0.0,0.0,0.0,0.0,0.0,0.0,0.0,0.0,0.0
Public Administration,0.0,0.0,0.0,0.0,0.0,0.0,0.0,0.0,0.0,0.0,0.0,0.0,0.0,0.0,0.0,0.0,0.0,0.0,0.0,0.0,0.0,0.0,0.0,0.0,0.0,33.01784856731231,0.0,0.0,0.0,0.0,0.0,0.0,0.0,0.0,0.0,0.0,0.0,0.0,0.0,0.0,0.0,0.0,0.0,0.0,0.0,0.0,0.0,0.0,0.0,0.0,0.0,0.0,0.0,0.0,0.0,0.0,0.0,0.0,0.0,0.0,0.0,0.0,0.0,0.0,0.0,0.0,0.0,0.0,0.0,0.0,0.0,0.0,0.0,0.0,0.0,0.0,0.0,0.0,0.0,0.0,0.0,0.0,0.0,0.0,0.0,0.0,0.0,0.0,0.0,0.0,0.0,0.0,0.0,0.0,0.0,0.0,0.0,0.0,0.0,0.0,0.0,0.0,0.0,0.0,0.0,0.0,0.0,0.0,0.0,0.0,0.0,0.0,0.0,0.0,0.0,0.0,0.0,0.0,0.0,0.0,0.0,0.0,0.0,0.0,0.0,0.0,0.0,0.0,0.0,0.0,0.0,0.0,0.0,0.0,0.0,0.0,0.0,0.0,0.0,0.0,0.0,0.0,0.0,0.0,0.0,0.0,0.0,0.0,0.0,0.0,0.0,0.0,0.0,0.0,0.0,0.0,0.0,0.0,0.0,0.0,0.0,0.0,0.0,0.0,0.0,0.0,0.0,0.0,0.0,0.0,0.0,0.0,0.0,0.0,0.0,0.0,0.0,0.0,0.0,0.0,0.0,0.0,0.0,0.0,0.0,0.0,0.0,0.0,0.0,0.0,0.0,0.0,0.0,0.0,0.0,0.0,0.0
"Education, Health and Other Services",24.30572423285564,436.0026041666667,59.507327341915634,153.1605649252708,68.77598091052218,430.7213114754099,98.75153640776699,439.58333333333337,79.54812247441618,38.13253987531374,46.463849081046064,0.0,44.62152494752034,927.0983606557378,46.08533721965833,191.560335105526,54.57655250586997,44.94676544409359,276.19519094766616,203.95833333333334,409.2857142857143,63.25196340377297,0.0,475.6229508196722,204.76391058777224,79.81631182967824,0.0,134.67053326888995,214.1058482358627,119.51863354037268,153.35266634444983,447.65625,347.0703125,48.11148894826329,529.344262295082,21.442687747035574,111.4709497507216,139.95497795854106,441.39344262295083,277.9166666666667,52.967371063071816,47.97992065419804,175.2215240857097,644.9869791666667,49.59719860740021,52.90259897983969,69.76965427900575,566.672131147541,415.5409836065574,323.0642857142857,87.35932313173022,646.6229508196722,522.65625,471.0,120.1093786407767,51.690146546838314,52.47551373151527,301.3198757763975,53.202169864788274,474.81967213114757,521.4426229508198,479.672131147541,505.344262295082,614.3114754098361,54.57655250586997,63.62035462715569,2.713475681643805,598.1311475409836,79.50669115717659,78.65578877167712,730.4098360655738,395.81967213114757,626.0983606557377,67.46619706906323,141.79867141170297,113.89468157963789,100.36735764891105,109.33229813664596,267.42857142857144,0.0,20.0030382970349,373.53515625,136.17609150958597,273.08868501529054,136.9147736426615,39.285714285714285,120.56512313041198,67.74951076320939,50.212533398105414,342.26190476190476,197.05574351538584,640.4426229508197,120.41666666666667,57.91433891992551,88.2271147161066,762.3046875,73.64416025977434,58.222006315278115,342.85714285714283,96.24494194437155,95.70633482025714,388.8814968814969,337.7154150197629,318.48587570621476,300.0287769784173,275.44922547332186,263.016501650165,250.81458003169575,230.75000000000003,216.8223201174743,205.12747875354108,197.98632010943913,190.42857142857144,179.73879641485277,174.03473945409428,113.37665463297232,159.24299065420558,154.32009080590237,146.60485651214128,1340.8410256410257,1339.446153846154,1294.8923076923077,1014.0408163265306,836.5559322033898,691.6637681159419,598.8050632911393,524.6561797752809,467.79797979797974,422.9137614678899,360.02689075630246,321.52558139534887,297.2546762589928,983.5076923076923,63.47277272369456,768.0,56.51161849242976,165.0,334.70052083333337,51.623416977171345,196.9902912621359,55.392275929074565,585.9672131147541,24.65387418022832,47.967775888592016,48.88198757763975,25.861801242236027,340.66666666666663,59.78260869565217,27.01863354037267,64.0527950310559,888.0,99.1451338887431,24.27131406363857,103.22611827604304,535.9672131147541,0.0,0.0,72.4219364996064,3443.38,72.87871427414784,597.2786885245902,484.8852459016394,972.5573770491804,535.6393442622951,202.1105203802159,317.40476190476187,484.59016393442624,63.49485871589345,0.0,305.23809523809524,344.3333333333333,104.86725663716815,45.29795158286778,612.1803278688525,209.80327868852459,68.74818753020783,68.34264432029795,66.95300308318028,270.62937062937067,101.81745362109683,180.75559851780247,47.443526839931984,500.31147540983613,63.87539470488219,480.60655737704917,27.95031055900621,683.5901639344262,2.002348715114673,0.6233122072196198,0.6586974443528442,0.7399287476020828,1.007242415960645,0.5511038430089943,0.7008698015765155,0.8522634860395771,0.753852392538524,1.9541655432731195
Private Households,0.0,0.0,0.0,0.0,0.0,0.0,0.0,0.0,0.0,0.0,0.0,0.0,0.0,0.0,0.0,0.0,0.0,0.0,0.0,0.0,0.0,0.0,0.0,0.0,0.0,0.0,0.0,0.0,0.0,0.0,0.0,0.0,0.0,0.0,0.0,0.0,0.0,0.0,0.0,0.0,0.0,0.0,0.0,0.0,0.0,0.0,0.0,0.0,0.0,0.0,0.0,0.0,0.0,0.0,0.0,0.0,0.0,0.0,0.0,0.0,0.0,0.0,0.0,0.0,0.0,0.0,0.0,0.0,0.0,0.0,0.0,0.0,0.0,0.0,0.0,0.0,0.0,0.0,0.0,0.0,0.0,0.0,0.0,0.0,0.0,0.0,0.0,0.0,0.0,0.0,0.0,0.0,0.0,0.0,0.0,0.0,0.0,0.0,0.0,0.0,0.0,0.0,0.0,0.0,0.0,0.0,0.0,0.0,0.0,0.0,0.0,0.0,0.0,0.0,0.0,0.0,0.0,0.0,0.0,0.0,0.0,0.0,0.0,0.0,0.0,0.0,0.0,0.0,0.0,0.0,0.0,0.0,0.0,0.0,0.0,0.0,0.0,0.0,0.0,0.0,0.0,0.0,0.0,0.0,0.0,0.0,0.0,0.0,0.0,0.0,0.0,0.0,0.0,0.0,0.0,0.0,0.0,0.0,0.0,0.0,0.0,0.0,0.0,0.0,0.0,0.0,0.0,0.0,0.0,0.0,0.0,0.0,0.0,0.0,0.0,0.0,0.0,0.0,0.0,0.0,0.0,0.0,0.0,0.0,0.0,0.0,0.0,0.0,0.0,0.0,0.0,0.0,0.0,0.0,0.0,0.0,0.0
Others,61.74196421342401,174.4140625,6.641162658894016,123.11805841217605,137.15836427446865,64.81967213114754,196.88160312254,164.84375,158.59906920755708,41.73953526030281,50.86025423042668,101.4646754738656,88.99446201784309,179.5409836065574,50.44530807222087,115.29080070887709,59.74010201603109,49.198445470002426,59.91513437057991,481.45833333333337,269.40476190476187,69.23730871994171,148.2912119471568,60.42622950819673,410.0457125426397,31.473107091403875,120.50976450315909,81.05364910584824,128.86015788625747,424.8602484472049,92.29821169647172,208.91927083333334,160.15625,52.66172779532022,109.98360655737706,13.972332015810279,222.25828279979007,279.08132963789035,61.524590163934434,655.8229166666666,57.979111003157634,52.52003886324994,105.461575640406,193.48958333333334,54.29115051412841,57.9082665371225,76.37033438587969,111.16393442622952,46.24590163934427,212.6797619047619,95.62383612662941,152.0327868852459,174.21875,56.360655737704924,239.5144250196799,56.5824629584649,15.87286345304398,593.5481366459627,58.23415108088414,61.72131147540984,76.98360655737706,83.98360655737704,56.08196721311476,69.01639344262296,59.74010201603109,69.64011011254149,1.4222355296891667,112.7377049180328,158.51620657307794,20.025099556602907,103.49180327868852,60.80327868852459,85.7704918032787,73.85029552262975,282.70656960115457,227.08503089740225,200.13396123064814,429.81366459627327,176.03571428571428,96.2952326249282,87.15076856468119,160.09114583333334,81.95827291767358,266.0550458715596,82.40293217335267,77.48447204968943,240.38448261611123,25.753424657534246,54.96316087766173,225.35714285714286,118.5999677783148,116.62295081967214,284.4375,63.395676463444254,78.84125144843568,304.8828125,155.13748287850956,63.73168164521091,225.59523809523807,191.90984544738916,60.32399287588559,194.44074844074845,168.85770750988144,159.24293785310738,150.01438848920864,137.72461273666093,131.5082508250825,125.40729001584788,115.37500000000001,108.41116005873715,102.56373937677054,98.99316005471957,95.21428571428572,89.86939820742639,87.01736972704714,56.68832731648616,79.62149532710279,77.16004540295118,73.30242825607064,670.4205128205128,669.723076923077,647.4461538461538,507.0204081632653,418.2779661016949,345.83188405797097,299.40253164556964,262.32808988764043,233.89898989898987,211.45688073394496,180.01344537815123,160.76279069767443,148.6273381294964,491.75384615384615,126.61409492259249,408.0,61.859363614282245,389.27083333333337,154.4921875,102.93609912096562,233.88349514563106,60.632742288073835,72.50819672131148,49.167124767225324,52.50586997004291,118.9751552795031,42.7251552795031,224.25,194.99999999999997,97.59316770186335,264.5108695652174,1274.0,197.71022940173185,57.58643024856287,214.05488270795067,90.22950819672131,95.77828834003446,85.88454910970707,144.40884420099712,1555.1399999999999,79.77289288316736,63.68852459016394,72.52459016393442,173.49180327868854,74.24590163934427,121.64088931851136,208.92857142857142,81.22950819672131,69.50246943567322,124.22458357265938,200.92857142857142,255.79047619047617,325.66371681415933,49.585053841794185,111.9016393442623,89.81967213114754,148.95279523119058,74.80973200550562,133.5331243112044,9.090909090909092,203.0134375491997,108.7884646367005,51.93304185895879,71.06557377049181,69.91943972148005,47.24590163934426,62.732919254658384,104.86885245901641,0.5339596573639127,0.1662165885918986,0.17565265182742512,0.19731433269388876,0.2685979775895054,0.14696102480239848,0.18689861375373745,0.22727026294388725,0.20102730467693972,0.5211108115394986
Re-export & Re-import,0.0,0.0,0.0,0.0,0.0,0.0,0.0,0.0,0.0,0.0,0.0,0.0,0.0,0.0,0.0,0.0,0.0,0.0,0.0,0.0,0.0,0.0,0.0,0.0,0.0,0.0,0.0,0.0,0.0,0.0,0.0,0.0,0.0,0.0,0.0,0.0,0.0,0.0,0.0,0.0,0.0,0.0,0.0,0.0,0.0,0.0,0.0,0.0,0.0,0.0,0.0,0.0,0.0,0.0,0.0,0.0,0.0,0.0,0.0,0.0,0.0,0.0,0.0,0.0,0.0,0.0,0.0,0.0,0.0,0.0,0.0,0.0,0.0,0.0,0.0,0.0,0.0,0.0,0.0,0.0,0.0,0.0,0.0,0.0,0.0,0.0,0.0,0.0,0.0,0.0,0.0,0.0,0.0,0.0,0.0,0.0,0.0,0.0,0.0,0.0,0.0,0.0,0.0,0.0,0.0,0.0,0.0,0.0,0.0,0.0,0.0,0.0,0.0,0.0,0.0,0.0,0.0,0.0,0.0,0.0,0.0,0.0,0.0,0.0,0.0,0.0,0.0,0.0,0.0,0.0,0.0,0.0,0.0,0.0,0.0,0.0,0.0,0.0,0.0,0.0,0.0,0.0,0.0,0.0,0.0,0.0,0.0,0.0,0.0,0.0,0.0,0.0,0.0,0.0,0.0,0.0,0.0,0.0,0.0,0.0,0.0,0.0,0.0,0.0,0.0,0.0,0.0,0.0,0.0,0.0,0.0,0.0,0.0,0.0,0.0,0.0,0.0,0.0,0.0,0.0,0.0,0.0,0.0,0.0,0.0,0.0,0.0,0.0,0.0,0.0,0.0,0.0,0.0,0.0,0.0,0.0,0.0
