City,Category,Country iso3,0,1,2,3,4,5,6,7,8,9,10,11,12,13,14,15,16,17,18,19,20,21,22,23,24,25
Abidjan,LMIC,CIV,0.0,0.0,0.0,356.39421909157153,45.330337624483846,0.0,0.0,0.0,6.252530159501255,0.0,0.0,0.0,6.442798153995628,62.91595822200631,0.0,0.0,0.0,0.0,89.87936199498016,51.5828677839851,0.0,0.0,24.30572423285564,0.0,61.74196421342401,0.0
Addu,UMIC,MDV,0.0,0.0,0.0,813.9322916666667,116.27604166666667,0.0,0.0,0.0,0.0,0.0,0.0,0.0,188.93229166666669,188.93229166666669,232.55208333333334,0.0,0.0,116.27604166666667,377.86458333333337,232.55208333333334,0.0,0.0,436.0026041666667,0.0,174.4140625,0.0
Agneby-Tiassa,LMIC,CIV,0.0,0.0,0.0,327.3014330823415,44.229212209537685,0.0,0.0,0.0,5.629098858392033,0.0,0.0,0.0,66.74661970690632,66.74661970690632,0.0,0.0,0.0,0.0,110.17124119504493,58.703748684317056,0.0,0.0,59.507327341915634,0.0,6.641162658894016,0.0
Aguascalientes,UMIC,MEX,0.0,0.0,0.0,570.3986486486486,78.67567567567568,118.01351351351352,0.0,0.0,0.0,0.0,0.0,0.0,196.68918918918922,0.0,0.0,0.0,0.0,0.0,491.722972972973,0.0,59.00675675675676,0.0,314.7027027027027,0.0,157.35135135135135,0.0
Algiers,UMIC,DZA,0.0,0.0,0.0,721.6277412639306,147.50907907927632,25.370903507407828,0.0,0.0,25.370903507407828,0.0,0.0,0.0,198.2303206494764,198.2303206494764,0.0,0.0,0.0,0.0,103.31393860041702,103.31393860041702,0.0,0.0,153.14401090394242,0.0,123.10475146880026,0.0
Amparai,UMIC,LKA,0.0,0.0,0.0,446.7331409078982,19.783452335345054,4.495297545919707,0.0,0.0,28.31830297166098,0.0,0.0,0.0,22.020743276043035,86.23927965101024,0.0,0.0,0.0,0.0,34.85409272500656,34.85409272500656,0.0,0.0,68.77598091052218,0.0,137.15836427446865,0.0
Anhui,UMIC,CHN,0.0,0.0,0.0,878.7377049180328,218.6393442622951,75.64754098360656,0.0,0.0,75.64754098360656,0.0,0.0,0.0,580.7213114754098,0.0,0.0,0.0,0.0,0.0,157.7786885245902,157.7786885245902,0.0,0.0,430.7213114754099,0.0,64.81967213114754,0.0
Anuradhapura,UMIC,LKA,0.0,0.0,0.0,373.7518816583574,28.40116559958016,6.442569294148518,0.0,0.0,40.66483447913934,0.0,0.0,0.0,31.612092416688533,123.9210595644188,0.0,0.0,0.0,0.0,50.017953568617166,50.017953568617166,0.0,0.0,98.75153640776699,0.0,196.88160312254,0.0
Atolls,UMIC,MDV,0.0,0.0,0.0,769.3359375,137.36979166666669,0.0,0.0,0.0,0.0,0.0,0.0,0.0,164.84375,164.84375,0.0,219.79166666666669,0.0,137.36979166666669,274.73958333333337,219.79166666666669,0.0,0.0,439.58333333333337,0.0,164.84375,0.0
Badulla,UMIC,LKA,0.0,0.0,0.0,349.22454388611914,22.870085207294675,5.199629879952768,0.0,0.0,32.751453548937285,0.0,0.0,0.0,25.48025797690895,99.82875059039623,0.0,0.0,0.0,0.0,40.302310489372864,40.302310489372864,0.0,0.0,79.54812247441618,0.0,158.59906920755708,0.0
Bafing,LMIC,CIV,0.0,0.0,0.0,209.73402963322806,0.0,0.0,0.0,0.0,3.6069953849890695,0.0,0.0,0.0,42.76981620921383,42.76981620921383,0.0,0.0,0.0,0.0,70.59752246781636,37.61638733705772,0.0,0.0,38.13253987531374,0.0,41.73953526030281,0.0
Bagoue,LMIC,CIV,0.0,0.0,0.0,255.56027851995788,34.533641000728686,0.0,0.0,0.0,4.394381021779613,0.0,0.0,0.0,52.116225406849644,52.116225406849644,0.0,0.0,0.0,0.0,86.0233989150676,45.836369524734835,0.0,0.0,46.463849081046064,0.0,50.86025423042668,0.0
Baja California Sur,UMIC,MEX,0.0,0.0,0.0,600.6044698544698,82.84199584199585,124.26299376299379,0.0,0.0,0.0,0.0,0.0,0.0,207.1049896049896,0.0,0.0,0.0,0.0,0.0,517.7624740124741,0.0,62.13149688149689,0.0,331.3679833679834,0.0,165.6839916839917,0.0
Baja California,UMIC,MEX,0.0,0.0,0.0,596.3690228690228,82.25779625779627,123.3866943866944,0.0,0.0,0.0,0.0,0.0,0.0,205.64449064449065,0.0,0.0,0.0,0.0,0.0,514.1112266112267,0.0,61.6933471933472,0.0,329.0311850311851,0.0,164.51559251559254,0.0
Barishal,LMIC,BGD,0.0,0.0,0.0,185.0157955198162,17.929350947731187,18.437679494543367,0.0,0.0,18.437679494543367,0.0,0.0,0.0,18.767949454336588,5.37047673750718,18.437679494543367,0.0,0.0,0.0,0.0,0.0,0.0,0.0,0.0,0.0,101.4646754738656,0.0
Batticaloa,UMIC,LKA,0.0,0.0,0.0,396.2698007084755,12.822991616373656,2.900191965363422,0.0,0.0,18.37478766727893,0.0,0.0,0.0,14.293803253739178,56.015136237208075,0.0,0.0,0.0,0.0,22.611139497507217,22.611139497507217,0.0,0.0,44.62152494752034,0.0,88.99446201784309,0.0
Beijing,UMIC,CHN,0.0,0.0,0.0,1312.688524590164,424.16393442622956,180.8688524590164,0.0,0.0,0.0,180.8688524590164,0.0,0.0,1689.9016393442623,0.0,0.0,0.0,0.0,0.0,316.1639344262295,316.1639344262295,0.0,0.0,927.0983606557378,0.0,179.5409836065574,0.0
Belier,LMIC,CIV,0.0,0.0,0.0,253.4713788357218,34.252287264189135,0.0,0.0,0.0,4.357946724961542,0.0,0.0,0.0,51.690146546838314,51.690146546838314,0.0,0.0,0.0,0.0,85.32102663751922,45.46190591854911,0.0,0.0,46.08533721965833,0.0,50.44530807222087,0.0
Berat,UMIC,ALB,0.0,0.0,0.0,862.0219107459319,85.13774770420493,45.67101659416788,0.0,0.0,45.67101659416788,0.0,0.0,0.0,90.45915901401644,90.45915901401644,45.67101659416788,0.0,0.0,78.04333816658611,111.74399871113259,58.532302239407116,0.0,0.0,191.560335105526,0.0,115.29080070887709,0.0
Bere,LMIC,CIV,0.0,0.0,0.0,228.18395271637922,40.5635171241195,0.0,0.0,0.0,5.161525382560116,0.0,0.0,0.0,46.5336814832807,46.5336814832807,0.0,0.0,0.0,0.0,101.04242571451704,53.839770059104524,0.0,0.0,54.57655250586997,0.0,59.74010201603109,0.0
Boukani,LMIC,CIV,0.0,0.0,0.0,247.21277629341753,33.40620192696947,0.0,0.0,0.0,4.250667962108331,0.0,0.0,0.0,50.413934094405306,50.413934094405306,0.0,0.0,0.0,0.0,83.21390980487409,44.340539227592906,0.0,0.0,44.94676544409359,0.0,49.198445470002426,0.0
Byo,LMIC,ZWE,0.0,0.0,0.0,1.7686360886985357,0.0,0.46321421359491577,0.0,0.0,0.0,0.0,0.0,0.0,0.29477268140370266,0.5895453628074053,0.0,0.0,0.0,0.0,0.42110383061619233,0.16844153224647693,0.0,0.0,0.6316557460624482,0.0,0.16844153224647693,0.0
Cairo,LMIC,EGY,244.27157001414426,32.7015558698727,0.0,247.75106082036774,78.9108910891089,5.926449787835926,0.0,2.1216407355021216,37.01555869872701,29.674681753889676,14.497878359264497,0.0,57.66619519094766,218.64214992927862,9.533239038189533,0.0,0.0,70.97595473833097,80.77793493635077,43.8048090523338,0.0,0.0,276.19519094766616,0.0,59.91513437057991,0.0
Campeche,UMIC,MEX,0.0,0.0,0.0,528.5717255717256,72.90644490644492,109.35966735966737,0.0,0.0,0.0,0.0,0.0,0.0,182.2661122661123,0.0,0.0,0.0,0.0,0.0,455.6652806652807,0.0,54.679833679833685,0.0,291.62577962577967,0.0,145.81288981288984,0.0
Cape Town,UMIC,ZAF,0.0,0.0,0.0,448.2291666666667,155.83333333333334,56.66666666666667,0.0,0.0,56.66666666666667,0.0,0.0,0.0,530.625,530.625,56.66666666666667,0.0,0.0,68.75,530.6979166666666,110.83333333333334,0.0,0.0,203.95833333333334,0.0,481.45833333333337,0.0
Casablanca,LMIC,MAR,0.0,0.0,0.0,862.6190476190476,85.47619047619047,0.0,0.0,0.0,80.35714285714285,0.0,0.0,0.0,208.92857142857142,208.92857142857142,208.92857142857142,0.0,0.0,0.0,191.66666666666666,64.76190476190476,0.0,0.0,409.2857142857143,0.0,269.40476190476187,0.0
Cavally,LMIC,CIV,0.0,0.0,0.0,347.8989555501579,47.012387660918144,0.0,0.0,0.0,5.983321188567727,0.0,0.0,0.0,70.94769654279006,70.94769654279006,0.0,0.0,0.0,0.0,117.10590235608453,62.3998056837503,0.0,0.0,63.25196340377297,0.0,69.23730871994171,0.0
Chiapas,UMIC,MEX,0.0,0.0,0.0,361.3393970893971,49.83991683991684,74.75987525987527,0.0,0.0,0.0,0.0,0.0,0.0,124.59979209979213,0.0,0.0,0.0,0.0,0.0,311.49948024948026,0.0,37.379937629937636,0.0,199.35966735966736,0.0,99.67983367983368,0.0
Chihuahua,UMIC,MEX,0.0,0.0,0.0,468.0847193347194,64.56340956340956,96.84511434511435,0.0,0.0,0.0,0.0,0.0,0.0,161.40852390852393,0.0,0.0,0.0,0.0,0.0,403.5213097713098,0.0,48.42255717255718,0.0,258.25363825363826,0.0,129.12681912681913,0.0
Chittagong,LMIC,BGD,0.0,0.0,0.0,270.3862722573234,26.201895462377944,26.950028719126937,0.0,0.0,26.950028719126937,0.0,0.0,0.0,27.43681792073521,7.854681217690982,26.950028719126937,0.0,0.0,0.0,0.0,0.0,0.0,0.0,0.0,0.0,148.2912119471568,0.0
Chongqing,UMIC,CHN,0.0,0.0,0.0,1034.1639344262296,307.88524590163934,105.95081967213115,0.0,0.0,105.95081967213115,0.0,0.0,0.0,577.1803278688525,0.0,0.0,0.0,0.0,0.0,164.72950819672133,164.72950819672133,0.0,0.0,475.6229508196722,0.0,60.42622950819673,0.0
Coahuila de Zaragoza,UMIC,MEX,0.0,0.0,0.0,528.9636174636175,72.96049896049897,109.44074844074844,0.0,0.0,0.0,0.0,0.0,0.0,182.40124740124742,0.0,0.0,0.0,0.0,0.0,456.0031185031185,0.0,54.72037422037422,0.0,291.84199584199587,0.0,145.92099792099793,0.0
Colima,UMIC,MEX,0.0,0.0,0.0,513.6496881496882,70.84823284823285,106.27234927234929,0.0,0.0,0.0,0.0,0.0,0.0,177.12058212058216,0.0,0.0,0.0,0.0,0.0,442.80145530145535,0.0,53.136174636174644,0.0,283.3929313929314,0.0,141.6964656964657,0.0
Colombo,UMIC,LKA,0.0,0.0,0.0,8357.507215953818,1352.6843348202572,193.24061926003674,0.0,0.0,1217.4757281553398,0.0,0.0,0.0,946.9089477827341,3710.160062975597,0.0,0.0,0.0,0.0,1497.7045394909471,1497.7045394909471,0.0,0.0,2956.7908685384414,0.0,5921.060089215429,0.0
Cuidad de Mexico,UMIC,MEX,0.0,0.0,0.0,704.8477130977132,97.22037422037423,145.83056133056135,0.0,0.0,0.0,0.0,0.0,0.0,243.05093555093558,0.0,0.0,0.0,0.0,0.0,607.627338877339,0.0,72.91528066528068,0.0,388.8814968814969,0.0,194.44074844074845,0.0
Dhaka,LMIC,BGD,0.0,0.0,0.0,219.72573233773693,21.29236071223435,21.90120620333142,0.0,0.0,21.90120620333142,0.0,0.0,0.0,22.28604250430787,6.375646180356117,21.90120620333142,0.0,0.0,0.0,0.0,0.0,0.0,0.0,0.0,0.0,120.50976450315909,0.0
Diber,UMIC,ALB,0.0,0.0,0.0,606.0415659739004,59.85178024810698,20.782986950217495,0.0,0.0,20.782986950217495,0.0,0.0,0.0,63.597551151925245,63.597551151925245,20.782986950217495,0.0,0.0,54.86547446431448,78.55646850330272,41.14709199291123,0.0,0.0,134.67053326888995,0.0,81.05364910584824,0.0
Durango,UMIC,MEX,0.0,0.0,0.0,492.11070686070684,67.87733887733889,101.81600831600832,0.0,0.0,0.0,0.0,0.0,0.0,169.69334719334722,0.0,0.0,0.0,0.0,0.0,424.233367983368,0.0,50.90800415800416,0.0,271.50935550935554,0.0,135.75467775467777,0.0
Durres,UMIC,ALB,0.0,0.0,0.0,963.4807475430965,87.22812953117447,31.719026905107135,0.0,0.0,31.719026905107135,0.0,0.0,0.0,101.1060093442887,101.1060093442887,31.719026905107135,0.0,0.0,0.0,124.89527952311906,65.42129853391332,0.0,0.0,214.1058482358627,0.0,128.86015788625747,0.0
Elbasan,UMIC,ALB,0.0,0.0,0.0,690.1055260190108,68.15691960689544,23.663605606573224,0.0,0.0,23.663605606573224,0.0,0.0,0.0,72.41823747381989,72.41823747381989,23.663605606573224,0.0,0.0,0.0,89.45545352021911,46.858385693571776,0.0,0.0,153.35266634444983,0.0,92.29821169647172,0.0
Erongo,UMIC,NAM,0.0,0.0,0.0,766.7468944099379,175.916149068323,101.20341614906832,0.0,0.0,101.20341614906832,0.0,0.0,0.0,640.6055900621118,640.6055900621118,0.0,0.0,0.0,0.0,174.22360248447205,174.22360248447205,0.0,0.0,119.51863354037268,0.0,424.8602484472049,0.0
Faadhippolhu,UMIC,MDV,0.0,0.0,0.0,895.5403645833334,119.40104166666667,0.0,0.0,0.0,0.0,0.0,0.0,0.0,179.1015625,179.1015625,208.91927083333334,0.0,0.0,238.80208333333334,238.80208333333334,268.6197916666667,0.0,0.0,447.65625,0.0,208.91927083333334,0.0
Felidhy Atoll,UMIC,MDV,0.0,0.0,0.0,881.1588541666667,160.15625,0.0,0.0,0.0,0.0,0.0,0.0,0.0,173.56770833333334,173.56770833333334,240.29947916666669,0.0,0.0,133.46354166666669,186.9140625,240.29947916666669,0.0,0.0,347.0703125,0.0,160.15625,0.0
Folon,LMIC,CIV,0.0,0.0,0.0,264.6182495344506,35.758238199336084,0.0,0.0,0.0,4.550238847056918,0.0,0.0,0.0,53.96324184276577,53.96324184276577,0.0,0.0,0.0,0.0,89.07173508217957,47.46174398834102,0.0,0.0,48.11148894826329,0.0,52.66172779532022,0.0
Fujian,UMIC,CHN,0.0,0.0,0.0,1207.983606557377,239.5081967213115,106.72131147540985,0.0,0.0,106.72131147540985,0.0,0.0,0.0,890.9344262295082,0.0,0.0,0.0,0.0,0.0,224.40983606557378,224.40983606557378,0.0,0.0,529.344262295082,0.0,109.98360655737706,0.0
Gaborone,UMIC,BWA,0.0,0.0,0.0,15.415019762845851,8.646245059288539,0.0,0.0,0.0,0.0,0.0,0.0,0.0,0.0,28.379446640316207,8.063241106719367,0.0,0.0,6.343873517786562,31.98616600790514,9.940711462450594,0.0,0.0,21.442687747035574,0.0,13.972332015810279,0.0
Galle,UMIC,LKA,0.0,0.0,0.0,397.554171411703,32.04712121490422,7.271195572028339,0.0,0.0,45.90589567698767,0.0,0.0,0.0,35.693076830228286,139.9135466413015,0.0,0.0,0.0,0.0,56.47088069404356,56.47088069404356,0.0,0.0,111.4709497507216,0.0,222.25828279979007,0.0
Gampaha,UMIC,LKA,0.0,0.0,0.0,6482.833901863028,581.2175282078194,131.91813172395695,0.0,0.0,832.1910259774337,0.0,0.0,0.0,647.3261611125688,2536.6570453949093,0.0,0.0,0.0,0.0,1023.9359748097612,1023.9359748097612,0.0,0.0,2020.9498819207556,0.0,4029.934400419837,0.0
Gansu,UMIC,CHN,0.0,0.0,0.0,813.8032786885246,271.1803278688525,89.3032786885246,0.0,0.0,89.3032786885246,0.0,0.0,0.0,579.9508196721312,0.0,0.0,0.0,0.0,0.0,133.5,133.5,0.0,0.0,441.39344262295083,0.0,61.524590163934434,0.0
Gauteng,UMIC,ZAF,0.0,0.0,0.0,610.5625,212.1875,74.375,0.0,0.0,74.375,0.0,0.0,0.0,722.65625,722.65625,74.375,0.0,0.0,93.64583333333334,723.3333333333334,169.16666666666669,0.0,0.0,277.9166666666667,0.0,655.8229166666666,0.0
Gbeke,LMIC,CIV,0.0,0.0,0.0,291.326613229698,39.36725771192616,0.0,0.0,0.0,5.009715812484819,0.0,0.0,0.0,59.41016921706744,59.41016921706744,0.0,0.0,0.0,0.0,98.0629098858392,52.252854019917415,0.0,0.0,52.967371063071816,0.0,57.979111003157634,0.0
Gbokie,LMIC,CIV,0.0,0.0,0.0,263.90575661889727,35.66108007448789,0.0,0.0,0.0,4.538094081450894,0.0,0.0,0.0,53.81851671929398,53.81851671929398,0.0,0.0,0.0,0.0,88.83288802526111,47.334223949477774,0.0,0.0,47.97992065419804,0.0,52.52003886324994,0.0
Gjirokaster,UMIC,ALB,0.0,0.0,0.0,788.5290800708877,77.87900757209601,27.038827130658934,0.0,0.0,27.038827130658934,0.0,0.0,0.0,82.74528757854036,82.74528757854036,27.038827130658934,0.0,0.0,71.38714354760754,102.21524085709683,53.53632995005639,0.0,0.0,175.2215240857097,0.0,105.461575640406,0.0
Gnaviyani,UMIC,MDV,0.0,0.0,0.0,677.34375,161.26302083333334,0.0,0.0,0.0,0.0,0.0,0.0,0.0,161.26302083333334,161.26302083333334,258.0078125,0.0,0.0,225.78125,483.8541666666667,258.0078125,0.0,0.0,644.9869791666667,0.0,193.48958333333334,0.0
Goh,LMIC,CIV,0.0,0.0,0.0,272.79572504250666,36.86341186948425,0.0,0.0,0.0,4.689903651526192,0.0,0.0,0.0,55.63112298599304,55.63112298599304,0.0,0.0,0.0,0.0,91.82454861954497,48.9292364990689,0.0,0.0,49.59719860740021,0.0,54.29115051412841,0.0
Gontougo,LMIC,CIV,0.0,0.0,0.0,290.9723908995223,39.320702777103065,0.0,0.0,0.0,5.003643429681807,0.0,0.0,0.0,59.3383126872318,59.3383126872318,0.0,0.0,0.0,0.0,97.94348635737997,52.188081936685286,0.0,0.0,52.90259897983969,0.0,57.9082665371225,0.0
Grand-Ponts,LMIC,CIV,0.0,0.0,0.0,383.7442312363371,51.856125010120635,0.0,0.0,0.0,6.598655979272933,0.0,0.0,0.0,78.25682131001538,78.25682131001538,0.0,0.0,0.0,0.0,129.17172698566918,68.8284349445389,0.0,0.0,69.76965427900575,0.0,76.37033438587969,0.0
Guanajuato,UMIC,MEX,0.0,0.0,0.0,492.6231808731809,67.94802494802495,101.92203742203743,0.0,0.0,0.0,0.0,0.0,0.0,169.87006237006239,0.0,0.0,0.0,0.0,0.0,424.67515592515593,0.0,50.96101871101872,0.0,271.7920997920998,0.0,135.8960498960499,0.0
Guangdong,UMIC,CHN,0.0,0.0,0.0,1286.9180327868853,220.4426229508197,111.89344262295081,0.0,0.0,111.89344262295081,0.0,0.0,0.0,867.4590163934427,0.0,0.0,0.0,0.0,0.0,297.16393442622956,297.16393442622956,0.0,0.0,566.672131147541,0.0,111.16393442622952,0.0
Guangxi,UMIC,CHN,0.0,0.0,0.0,867.8196721311475,130.26229508196724,74.13934426229508,0.0,0.0,74.13934426229508,0.0,0.0,0.0,555.688524590164,0.0,0.0,0.0,0.0,0.0,151.3032786885246,151.3032786885246,0.0,0.0,415.5409836065574,0.0,46.24590163934427,0.0
Guelmim,LMIC,MAR,0.0,0.0,0.0,895.2702380952381,67.48452380952381,0.0,0.0,0.0,63.39404761904761,0.0,0.0,0.0,164.88095238095238,164.88095238095238,164.88095238095238,0.0,0.0,0.0,151.3095238095238,51.125,0.0,0.0,323.0642857142857,0.0,212.6797619047619,0.0
Guemon,LMIC,CIV,0.0,0.0,0.0,480.48740992632173,64.92996518500526,0.0,0.0,0.0,8.262488867298194,0.0,0.0,0.0,97.98599303700105,97.98599303700105,0.0,0.0,0.0,0.0,161.735891830621,86.17925674034491,0.0,0.0,87.35932313173022,0.0,95.62383612662941,0.0
Guizhou,UMIC,CHN,0.0,0.0,0.0,788.4590163934428,204.24590163934428,89.38524590163935,0.0,0.0,89.38524590163935,0.0,0.0,0.0,482.3770491803279,0.0,0.0,0.0,0.0,0.0,153.5327868852459,153.5327868852459,0.0,0.0,646.6229508196722,0.0,152.0327868852459,0.0
Ha Noi,LMIC,VNM,0.0,0.0,0.0,159.52947954676398,13.257153831380833,13.015171884002305,0.0,0.0,13.015171884002305,0.0,0.0,0.0,26.295371615133472,0.0,0.0,0.0,0.0,0.0,19.4709045515652,19.4709045515652,0.0,0.0,52.47551373151527,0.0,15.87286345304398,0.0
Hadhdhuumathi,UMIC,MDV,0.0,0.0,0.0,755.0065104166666,116.14583333333334,0.0,0.0,0.0,0.0,0.0,0.0,0.0,145.18229166666669,145.18229166666669,203.25520833333334,0.0,0.0,174.21875,406.5104166666667,232.29166666666669,0.0,0.0,522.65625,0.0,174.21875,0.0
Hainan,UMIC,CHN,0.0,0.0,0.0,1091.032786885246,136.04918032786887,78.50000000000001,0.0,0.0,78.50000000000001,0.0,0.0,0.0,606.1967213114755,0.0,0.0,0.0,0.0,0.0,176.7377049180328,176.7377049180328,0.0,0.0,471.0,0.0,56.360655737704924,0.0
Hambantota,UMIC,LKA,0.0,0.0,0.0,415.9703904487011,34.53300003935975,7.85123396090265,0.0,0.0,49.46898866439255,0.0,0.0,0.0,38.46897484912097,150.76855083967462,0.0,0.0,0.0,0.0,60.85224212149043,60.85224212149043,0.0,0.0,120.1093786407767,0.0,239.5144250196799,0.0
Hambol,LMIC,CIV,0.0,0.0,0.0,284.30896283701725,38.4199659946563,0.0,0.0,0.0,4.888268156424581,0.0,0.0,0.0,0.0,57.980123066958136,57.980123066958136,0.0,0.0,0.0,95.70075297546757,50.99384665209295,0.0,0.0,51.690146546838314,0.0,56.5824629584649,0.0
Hardap,UMIC,NAM,0.0,0.0,0.0,1164.2624223602484,205.45807453416148,125.54347826086956,0.0,0.0,125.54347826086956,0.0,0.0,0.0,842.3757763975154,842.3757763975154,0.0,0.0,0.0,0.0,182.6086956521739,182.6086956521739,0.0,0.0,301.3198757763975,0.0,593.5481366459627,0.0
Haut-Sassandra,LMIC,CIV,0.0,0.0,0.0,292.61598251153754,39.5413326856125,0.0,0.0,0.0,5.031981216095862,0.0,0.0,0.0,59.673305805197955,59.673305805197955,0.0,0.0,0.0,0.0,98.49607319245405,52.483604566431865,0.0,0.0,53.202169864788274,0.0,58.23415108088414,0.0
Hebei,UMIC,CHN,0.0,0.0,0.0,695.2131147540985,233.5081967213115,88.65573770491802,0.0,0.0,88.65573770491802,0.0,0.0,0.0,612.4262295081968,0.0,0.0,0.0,0.0,0.0,200.68852459016395,200.68852459016395,0.0,0.0,474.81967213114757,0.0,61.72131147540984,0.0
Heilongjiang,UMIC,CHN,0.0,0.0,0.0,742.9672131147541,297.2786885245902,89.56557377049181,0.0,0.0,89.56557377049181,0.0,0.0,0.0,574.3934426229508,0.0,0.0,0.0,0.0,0.0,168.37704918032787,168.37704918032787,0.0,0.0,521.4426229508198,0.0,76.98360655737706,0.0
Henan,UMIC,CHN,0.0,0.0,0.0,764.360655737705,298.9180327868853,113.87704918032787,0.0,0.0,113.87704918032787,0.0,0.0,0.0,514.0983606557377,0.0,0.0,0.0,0.0,0.0,142.21311475409837,142.21311475409837,0.0,0.0,479.672131147541,0.0,83.98360655737704,0.0
Hidalgo,UMIC,MEX,0.0,0.0,0.0,439.88357588357593,60.67359667359667,91.01039501039502,0.0,0.0,0.0,0.0,0.0,0.0,151.6839916839917,0.0,0.0,0.0,0.0,0.0,379.2099792099792,0.0,45.50519750519751,0.0,242.69438669438668,0.0,121.34719334719334,0.0
Hre,LMIC,ZWE,0.0,0.0,0.0,1.7690021906604034,0.0,0.46331009754075714,0.0,0.0,0.0,0.0,0.0,0.0,0.29483369853550706,0.5896673967946947,0.0,0.0,0.0,0.0,0.42119099778944463,0.16847639911577786,0.0,0.0,0.6317864968223267,0.0,0.16847639911577786,0.0
Hubei,UMIC,CHN,0.0,0.0,0.0,883.704918032787,239.98360655737707,83.99180327868854,0.0,0.0,83.99180327868854,0.0,0.0,0.0,586.0819672131148,0.0,0.0,0.0,0.0,0.0,147.72950819672133,147.72950819672133,0.0,0.0,505.344262295082,0.0,56.08196721311476,0.0
Hunan,UMIC,CHN,0.0,0.0,0.0,917.377049180328,236.40983606557376,90.04918032786885,0.0,0.0,90.04918032786885,0.0,0.0,0.0,584.8524590163935,0.0,0.0,0.0,0.0,0.0,201.81147540983608,201.81147540983608,0.0,0.0,614.3114754098361,0.0,69.01639344262296,0.0
Iffou,LMIC,CIV,0.0,0.0,0.0,300.18014735648933,40.5635171241195,0.0,0.0,0.0,5.161525382560116,0.0,0.0,0.0,61.21569103716298,0.0,0.0,0.0,0.0,0.0,101.04242571451704,53.839770059104524,0.0,0.0,54.57655250586997,0.0,59.74010201603109,0.0
Indenie-Djuablin,LMIC,CIV,0.0,0.0,0.0,349.92308315116185,47.28564488705368,0.0,0.0,0.0,6.017731357784794,0.0,0.0,0.0,71.35960650959436,71.35960650959436,0.0,0.0,0.0,0.0,117.78600923002186,62.76212452433001,0.0,0.0,63.62035462715569,0.0,69.64011011254149,0.0
Inner Mongolia,UMIC,CHN,0.0,0.0,0.0,984.1311475409836,392.55737704918033,117.75409836065573,0.0,0.0,117.75409836065573,0.0,0.0,0.0,593.3278688524591,0.0,0.0,0.0,0.0,0.0,253.7131147540984,253.7131147540984,0.0,0.0,598.1311475409836,0.0,112.7377049180328,0.0
Jaffna,UMIC,LKA,0.0,0.0,0.0,397.8649063237995,22.870085207294675,5.17891422330097,0.0,0.0,32.7307378903175,0.0,0.0,0.0,25.45954232484912,99.78731927315665,0.0,0.0,0.0,0.0,40.281594830753086,40.281594830753086,0.0,0.0,79.50669115717659,0.0,158.51620657307794,0.0
Jiangsu,UMIC,CHN,0.0,0.0,0.0,1097.672131147541,287.3770491803279,109.44262295081968,0.0,0.0,109.44262295081968,0.0,0.0,0.0,836.3114754098361,0.0,0.0,0.0,0.0,0.0,287.2131147540984,287.2131147540984,0.0,0.0,730.4098360655738,0.0,103.49180327868852,0.0
Jiangxi,UMIC,CHN,0.0,0.0,0.0,814.032786885246,228.6393442622951,81.24590163934427,0.0,0.0,81.24590163934427,0.0,0.0,0.0,553.6229508196722,0.0,0.0,0.0,0.0,0.0,133.41803278688525,133.41803278688525,0.0,0.0,395.81967213114757,0.0,60.80327868852459,0.0
Jilin,UMIC,CHN,0.0,0.0,0.0,734.1803278688525,295.1803278688525,79.63934426229508,0.0,0.0,79.63934426229508,0.0,0.0,0.0,546.032786885246,0.0,0.0,0.0,0.0,0.0,182.9672131147541,182.9672131147541,0.0,0.0,626.0983606557377,0.0,85.7704918032787,0.0
Kabadougou,LMIC,CIV,0.0,0.0,0.0,371.0792648368553,50.14573718727228,0.0,0.0,0.0,6.382074325965508,0.0,0.0,0.0,75.67403449113432,75.67403449113432,0.0,0.0,0.0,0.0,124.90891425795482,66.55533964861145,0.0,0.0,67.46619706906323,0.0,73.85029552262975,0.0
Kalutara,UMIC,LKA,0.0,0.0,0.0,6227.3733928102865,588.6958803463658,133.71293623720808,0.0,0.0,843.2589871424823,0.0,0.0,0.0,655.4027814221989,2569.8609288900548,0.0,0.0,0.0,0.0,1037.2474416163736,1037.2474416163736,0.0,0.0,2047.5728155339807,0.0,4082.2828653896613,0.0
Kandy,UMIC,LKA,0.0,0.0,0.0,403.9345937418001,32.751453548937285,7.436920827866702,0.0,0.0,46.90024720545788,0.0,0.0,0.0,36.48027179218053,143.1451891235896,0.0,0.0,0.0,0.0,57.70346227368145,57.70346227368145,0.0,0.0,113.89468157963789,0.0,227.08503089740225,0.0
Kegalla,UMIC,LKA,0.0,0.0,0.0,367.76505682995213,28.85691005261775,6.546147578339707,0.0,0.0,41.327735502492786,0.0,0.0,0.0,32.15069949868112,125.97190956925216,0.0,0.0,0.0,0.0,50.846579845046904,50.846579845046904,0.0,0.0,100.36735764891105,0.0,200.1339612479113,0.0
Keras,UMIC,NAM,0.0,0.0,0.0,801.195652173913,81.38975155279502,124.61180124223601,0.0,0.0,124.61180124223601,0.0,0.0,0.0,362.4223602484472,362.4223602484472,0.0,0.0,0.0,0.0,81.90993788819875,81.90993788819875,0.0,0.0,109.33229813664596,0.0,429.81366459627327,0.0
Khenifra,LMIC,MAR,0.0,0.0,0.0,563.6785714285713,55.857142857142854,0.0,0.0,0.0,52.46428571428571,0.0,0.0,0.0,136.42857142857142,136.42857142857142,136.42857142857142,0.0,0.0,0.0,125.26190476190476,42.3095238095238,0.0,0.0,267.42857142857144,0.0,176.03571428571428,0.0
Khulna,LMIC,BGD,0.0,0.0,0.0,175.58443423319932,16.985927627800116,17.48994830557151,0.0,0.0,17.48994830557151,0.0,0.0,0.0,17.805858701895463,5.09764503159104,17.48994830557151,0.0,0.0,0.0,0.0,0.0,0.0,0.0,0.0,0.0,96.2952326249282,0.0
Kilinochchi,UMIC,LKA,0.0,0.0,0.0,312.55783120882774,12.572332168653043,2.8566890856109026,0.0,0.0,18.001905840434205,0.0,0.0,0.0,14.001712494303202,54.867488848071375,0.0,0.0,0.0,0.0,22.145037219130216,22.145037219130216,0.0,0.0,43.718322308000396,0.0,87.15905481362832,0.0
Kolhumadulu,UMIC,MDV,0.0,0.0,0.0,800.5208333333334,133.3984375,0.0,0.0,0.0,0.0,0.0,0.0,0.0,160.12369791666669,160.12369791666669,266.8619791666667,0.0,0.0,106.70572916666667,213.4765625,320.24739583333337,0.0,0.0,373.53515625,0.0,160.09114583333334,0.0
Korce,UMIC,ALB,0.0,0.0,0.0,612.7960367327211,60.52279684227485,21.013371999355567,0.0,0.0,21.013371999355567,0.0,0.0,0.0,64.30562268406638,64.30562268406638,21.013371999355567,0.0,0.0,55.47768648300306,79.43450942484291,41.60947317544707,0.0,0.0,136.17609150958597,0.0,81.95827291767358,0.0
Kukes,UMIC,ALB,0.0,0.0,0.0,616.4636700499436,60.85468019977445,21.128564523924602,0.0,0.0,21.128564523924602,0.0,0.0,0.0,64.65281134203319,64.65281134203319,21.128564523924602,0.0,0.0,55.779764781698084,79.8670855485742,41.83502497180602,0.0,0.0,136.9147736426615,0.0,82.40293217335267,0.0
Kunene,UMIC,NAM,0.0,0.0,0.0,551.2189440993789,43.63354037267081,31.05590062111801,0.0,0.0,31.05590062111801,0.0,0.0,0.0,133.15217391304347,133.15217391304347,0.0,0.0,0.0,0.0,25.100931677018632,25.100931677018632,0.0,0.0,39.285714285714285,0.0,77.48447204968943,0.0
Kurunegala,UMIC,LKA,0.0,0.0,0.0,388.8950268302283,34.67800963657833,7.871949619522435,0.0,0.0,49.655429572290736,0.0,0.0,0.0,38.61398444633954,151.32787358960903,0.0,0.0,0.0,0.0,61.080114353188144,61.080114353188144,0.0,0.0,120.56512313041198,0.0,240.38448261611123,0.0
La Me,LMIC,CIV,0.0,0.0,0.0,276.1800663913853,37.320864707311145,0.0,0.0,0.0,4.748603351955307,0.0,0.0,0.0,56.321350497935384,56.321350497935384,0.0,0.0,0.0,0.0,92.9641324589102,49.534450651769085,0.0,0.0,50.212533398105414,0.0,54.96316087766173,0.0
Laayoun,LMIC,MAR,0.0,0.0,0.0,721.547619047619,71.54761904761905,0.0,0.0,0.0,67.14285714285714,0.0,0.0,0.0,174.76190476190476,174.76190476190476,174.76190476190476,0.0,0.0,0.0,160.23809523809524,54.166666666666664,0.0,0.0,342.26190476190476,0.0,225.35714285714286,0.0
Leon,UMIC,MEX,0.0,0.0,0.0,637.2614345114346,87.8981288981289,131.84719334719335,0.0,0.0,0.0,0.0,0.0,0.0,219.74532224532226,0.0,0.0,0.0,0.0,0.0,549.3633056133057,0.0,65.92359667359668,0.0,351.5925155925156,0.0,175.7962577962578,0.0
Lezhe,UMIC,ALB,0.0,0.0,0.0,886.7673594328984,87.5785403576607,30.409215401965522,0.0,0.0,30.409215401965522,0.0,0.0,0.0,93.05622684066377,93.05622684066377,30.409215401965522,0.0,0.0,62.03479942000967,114.95086193007894,60.21185758015144,0.0,0.0,197.05574351538584,0.0,118.5999677783148,0.0
Liaoning,UMIC,CHN,0.0,0.0,0.0,953.5901639344262,325.77049180327873,101.21311475409836,0.0,0.0,101.21311475409836,0.0,0.0,0.0,725.9344262295082,0.0,0.0,0.0,0.0,0.0,199.53278688524594,199.53278688524594,0.0,0.0,640.4426229508197,0.0,116.62295081967214,0.0
Limpopo,UMIC,ZAF,0.0,0.0,0.0,264.7916666666667,91.97916666666667,33.4375,0.0,0.0,33.4375,0.0,0.0,0.0,313.3854166666667,313.3854166666667,33.4375,0.0,0.0,40.625,313.64583333333337,65.41666666666667,0.0,0.0,120.41666666666667,0.0,284.4375,0.0
Loh-Djiboua,LMIC,CIV,0.0,0.0,0.0,318.5470812079993,43.04712169055137,0.0,0.0,0.0,5.477289288316736,0.0,0.0,0.0,64.96133916282082,64.96133916282082,0.0,0.0,0.0,0.0,107.22613553558416,57.13504979353898,0.0,0.0,57.91433891992551,0.0,63.395676463444254,0.0
Lusaka,LMIC,ZMB,0.0,0.0,0.0,333.1633835457705,30.938586326767087,11.263035921205098,0.0,0.0,0.0,0.0,0.0,0.0,285.28389339513325,0.0,0.0,0.0,0.0,4.692931633835458,69.45538818076477,35.66628041714948,0.0,0.0,88.2271147161066,0.0,78.84125144843568,0.0
Mach-Central,LMIC,ZWE,0.0,0.0,0.0,0.5850301119093673,0.0,0.15322217214700196,0.0,0.0,0.0,0.0,0.0,0.0,0.09750501865156122,0.19501003730312244,0.0,0.0,0.0,0.0,0.13929288378004973,0.055717153523072674,0.0,0.0,0.20893932567007462,0.0,0.055717153523072674,0.0
Male,UMIC,MDV,0.0,0.0,0.0,1016.40625,203.28125,0.0,0.0,0.0,0.0,0.0,0.0,0.0,813.1184895833334,813.1184895833334,254.1015625,0.0,0.0,304.8828125,355.7291666666667,355.7291666666667,0.0,0.0,762.3046875,0.0,304.8828125,0.0
Manicaland,LMIC,ZWE,0.0,0.0,0.0,0.552080981762918,0.0,0.14459263804918487,0.0,0.0,0.0,0.0,0.0,0.0,0.09201349693285439,0.1840269938933407,0.0,0.0,0.0,0.0,0.13144785277701024,0.052579141116330476,0.0,0.0,0.19717177916551534,0.0,0.052579141116330476,0.0
Mannar,UMIC,LKA,0.0,0.0,0.0,475.48647267604827,22.372909444958477,5.075335938902624,0.0,0.0,32.04504964852433,0.0,0.0,0.0,24.920935242856537,97.65360659586526,0.0,0.0,0.0,0.0,39.41982350260325,39.41982350260325,0.0,0.0,77.80800729191091,0.0,155.1374829095828,0.0
Marahoue,LMIC,CIV,0.0,0.0,0.0,320.2352036272367,43.27382398186381,0.0,0.0,0.0,5.507651202331795,0.0,0.0,0.0,65.3054408549915,65.3054408549915,0.0,0.0,0.0,0.0,107.79289126386527,57.43664480608857,0.0,0.0,58.222006315278115,0.0,63.73168164521091,0.0
Marrakesh,LMIC,MAR,0.0,0.0,0.0,722.6190476190476,71.60714285714286,0.0,0.0,0.0,67.26190476190476,0.0,0.0,0.0,175.0,175.0,175.0,0.0,0.0,0.0,160.5952380952381,54.285714285714285,0.0,0.0,342.85714285714283,0.0,225.59523809523807,0.0
Mash-West,LMIC,ZWE,0.0,0.0,0.0,0.8995112544901906,0.0,0.23558628096159162,0.0,0.0,0.0,0.0,0.0,0.0,0.14991854244266373,0.2998370848300636,0.0,0.0,0.0,0.0,0.2141693463387676,0.08566773854655983,0.0,0.0,0.3212540196186792,0.0,0.08566773854655983,0.0
Mash,LMIC,ZWE,0.0,0.0,0.0,0.6589826040342637,0.0,0.17259068201160543,0.0,0.0,0.0,0.0,0.0,0.0,0.10983043401492125,0.21966086800221057,0.0,0.0,0.0,0.0,0.1569006200055264,0.06276024799668417,0.0,0.0,0.2353509300082896,0.0,0.06276024799668417,0.0
Mat-North,LMIC,ZWE,0.0,0.0,0.0,0.49350475020723955,0.0,0.12925124410058028,0.0,0.0,0.0,0.0,0.0,0.0,0.08225079171041724,0.16450158339320256,0.0,0.0,0.0,0.0,0.11750113100303952,0.04700045239016303,0.0,0.0,0.17625169651837527,0.0,0.04700045239016303,0.0
Mat-South,LMIC,ZWE,0.0,0.0,0.0,0.6293283868471954,0.0,0.16482410132633327,0.0,0.0,0.0,0.0,0.0,0.0,0.10488806449295386,0.20977612898590772,0.0,0.0,0.0,0.0,0.14984009212489638,0.05993603686101133,0.0,0.0,0.2247601381873446,0.0,0.05993603686101133,0.0
Matale,UMIC,LKA,0.0,0.0,0.0,378.08145394909474,27.676117606927317,6.291344998688008,0.0,0.0,39.629051639989505,0.0,0.0,0.0,30.82489745473629,120.7929953424298,0.0,0.0,0.0,0.0,48.75429849776962,48.75429849776962,0.0,0.0,96.24494194437155,0.0,191.90984544738916,0.0
Matara,UMIC,LKA,0.0,0.0,0.0,5382.020467069011,397.2500655995802,90.33849383363948,0.0,0.0,568.9530307006034,0.0,0.0,0.0,442.4193125163999,1734.678562057203,0.0,0.0,0.0,0.0,700.2130674363684,700.2130674363684,0.0,0.0,1381.9994752033588,0.0,2755.6231960115456,0.0
Mavingo,LMIC,ZWE,0.0,0.0,0.0,0.6805825893893341,0.0,0.17824782102790826,0.0,0.0,0.0,0.0,0.0,0.0,0.11343043155567836,0.2268608631389887,0.0,0.0,0.0,0.0,0.16204347366675878,0.0648173894722299,0.0,0.0,0.24306521050013818,0.0,0.0648173894722299,0.0
Melchor Ocampo,UMIC,MEX,0.0,0.0,0.0,500.50623700623703,69.03534303534305,103.55301455301456,0.0,0.0,0.0,0.0,0.0,0.0,172.5883575883576,0.0,0.0,0.0,0.0,0.0,431.470893970894,0.0,51.77650727650728,0.0,276.1413721413722,0.0,138.0706860706861,0.0
Mid-lands,LMIC,ZWE,0.0,0.0,0.0,0.767348632218845,0.0,0.20097226084553746,0.0,0.0,0.0,0.0,0.0,0.0,0.12789143871235148,0.2557828774523349,0.0,0.0,0.0,0.0,0.18270205531914893,0.07308082213318597,0.0,0.0,0.27405308297872344,0.0,0.07308082213318597,0.0
Monaragala,UMIC,LKA,0.0,0.0,0.0,331.9891173749121,18.25049372315593,4.143131378696018,0.0,0.0,26.143158999571895,0.0,0.0,0.0,20.342775069397465,79.71384772611125,0.0,0.0,0.0,0.0,32.171415155574586,32.171415155574586,0.0,0.0,63.472772721623,0.0,126.61409493295001,0.0
Montenegro,UMIC,MNE,0.0,0.0,0.0,1764.0,672.0,120.0,0.0,0.0,0.0,0.0,0.0,0.0,501.0,477.0,120.0,0.0,0.0,252.0,780.0,444.0,0.0,0.0,768.0,0.0,408.0,0.0
Morelos,UMIC,MEX,0.0,0.0,0.0,464.964656964657,64.13305613305614,96.19958419958421,0.0,0.0,0.0,0.0,0.0,0.0,160.33264033264035,0.0,0.0,0.0,0.0,0.0,400.83160083160084,0.0,48.099792099792104,0.0,256.5322245322246,0.0,128.2661122661123,0.0
Moronou,LMIC,CIV,0.0,0.0,0.0,310.8270585377702,42.00267184843332,0.0,0.0,0.0,5.345720994251478,0.0,0.0,0.0,63.386567889239736,63.386567889239736,0.0,0.0,0.0,0.0,104.62715569589507,55.74852238685126,0.0,0.0,56.51161849242976,0.0,61.859363614282245,0.0
Mpumalang,UMIC,ZAF,0.0,0.0,0.0,362.46875,125.9375,45.833333333333336,0.0,0.0,45.833333333333336,0.0,0.0,0.0,429.0104166666667,429.0104166666667,45.833333333333336,0.0,0.0,55.520833333333336,429.375,89.58333333333334,0.0,0.0,165.0,0.0,389.27083333333337,0.0
Mulakatholhu,UMIC,MDV,0.0,0.0,0.0,978.4505208333334,102.99479166666667,0.0,0.0,0.0,0.0,0.0,0.0,0.0,128.74348958333334,128.74348958333334,205.98958333333334,0.0,0.0,102.99479166666667,231.70572916666669,205.98958333333334,0.0,0.0,334.70052083333337,0.0,154.4921875,0.0
Mullaitivu,UMIC,LKA,0.0,0.0,0.0,347.04939996064024,14.832410338493833,3.355936416950932,0.0,0.0,21.254263972710575,0.0,0.0,0.0,16.539380464445028,64.79857476384151,0.0,0.0,0.0,0.0,26.153516826292314,26.153516826292314,0.0,0.0,51.623416977171345,0.0,102.93609912096562,0.0
N-zi,LMIC,CIV,0.0,0.0,0.0,263.8328880252611,35.652983564083875,0.0,0.0,0.0,4.53606995384989,0.0,0.0,0.0,53.80333576228645,53.80333576228645,0.0,0.0,0.0,0.0,88.80859849404906,47.320055056270746,0.0,0.0,47.967775888592016,0.0,52.50586997004291,0.0
Nawa,LMIC,CIV,0.0,0.0,0.0,304.66561412031416,41.170755404420696,0.0,0.0,0.0,5.238442231398267,0.0,0.0,0.0,62.130596712816775,62.130596712816775,0.0,0.0,0.0,0.0,102.552424904866,54.6433487167031,0.0,0.0,55.392275929074565,0.0,60.632742288073835,0.0
Nayarit,UMIC,MEX,0.0,0.0,0.0,355.0239085239085,48.96881496881497,73.45322245322247,0.0,0.0,0.0,0.0,0.0,0.0,122.42203742203743,0.0,0.0,0.0,0.0,0.0,306.0550935550936,0.0,36.72661122661123,0.0,195.87525987525987,0.0,97.93762993762994,0.0
Ningxia,UMIC,CHN,0.0,0.0,0.0,786.1147540983608,283.44262295081967,89.74590163934427,0.0,0.0,89.74590163934427,0.0,0.0,0.0,496.327868852459,0.0,0.0,0.0,0.0,0.0,209.24590163934428,209.24590163934428,0.0,0.0,585.9672131147541,0.0,72.50819672131148,0.0
Nuwar Eliya,UMIC,LKA,0.0,0.0,0.0,405.36397408816583,22.97366349383364,5.220345537260561,0.0,0.0,32.89646314615587,0.0,0.0,0.0,25.600408790343742,100.31764005510365,0.0,0.0,0.0,0.0,40.48875139727106,40.48875139727106,0.0,0.0,79.90028863815272,0.0,159.34483285226975,0.0
Oaxaca,UMIC,MEX,0.0,0.0,0.0,389.2390852390853,53.68814968814969,80.53222453222455,0.0,0.0,0.0,0.0,0.0,0.0,134.22037422037423,0.0,0.0,0.0,0.0,0.0,335.5509355509356,0.0,40.26611226611227,0.0,214.75259875259877,0.0,107.37629937629939,0.0
Ojuelos de Jalisco,UMIC,MEX,0.0,0.0,0.0,628.5945945945946,86.70270270270271,130.05405405405406,0.0,0.0,0.0,0.0,0.0,0.0,216.75675675675674,0.0,0.0,0.0,0.0,0.0,541.891891891892,0.0,65.02702702702703,0.0,346.81081081081084,0.0,173.40540540540542,0.0
Omaheke,UMIC,NAM,0.0,0.0,0.0,761.1024844720497,70.03105590062111,0.0,0.0,0.0,0.0,0.0,0.0,0.0,200.46583850931677,200.46583850931677,0.0,0.0,0.0,0.0,38.29968944099379,38.29968944099379,0.0,0.0,48.88198757763975,0.0,118.9751552795031,0.0
Omusti,UMIC,NAM,0.0,0.0,0.0,714.0760869565216,35.97826086956521,23.05124223602484,0.0,0.0,23.05124223602484,0.0,0.0,0.0,82.62422360248448,82.62422360248448,0.0,0.0,0.0,0.0,8.990683229813664,8.990683229813664,0.0,0.0,25.861801242236027,0.0,42.7251552795031,0.0
Oriental,LMIC,MAR,0.0,0.0,0.0,718.047619047619,71.15476190476191,0.0,0.0,0.0,66.84523809523809,0.0,0.0,0.0,173.94047619047618,173.94047619047618,173.94047619047618,0.0,0.0,0.0,159.5595238095238,53.904761904761905,0.0,0.0,340.66666666666663,0.0,224.25,0.0
Oshana,UMIC,NAM,0.0,0.0,0.0,1061.4130434782608,95.2639751552795,43.20652173913043,0.0,0.0,43.20652173913043,0.0,0.0,0.0,260.3649068322981,260.3649068322981,0.0,0.0,0.0,0.0,97.47670807453416,97.47670807453416,0.0,0.0,59.78260869565217,0.0,194.99999999999997,0.0
Oshikoto,UMIC,NAM,0.0,0.0,0.0,803.8043478260869,50.15527950310559,28.532608695652172,0.0,0.0,28.532608695652172,0.0,0.0,0.0,210.32608695652172,210.32608695652172,0.0,0.0,0.0,0.0,29.270186335403725,29.270186335403725,0.0,0.0,27.01863354037267,0.0,97.59316770186335,0.0
Otjiwarongo,UMIC,NAM,0.0,0.0,0.0,746.8167701863354,71.95652173913042,53.45496894409938,0.0,0.0,53.45496894409938,0.0,0.0,0.0,277.1350931677018,277.1350931677018,0.0,0.0,0.0,0.0,69.02173913043478,69.02173913043478,0.0,0.0,64.0527950310559,0.0,264.5108695652174,0.0
Pago Pago,UMIC,ASM,0.0,0.0,0.0,1689.0,400.0,0.0,0.0,0.0,0.0,0.0,0.0,0.0,1601.0,0.0,0.0,0.0,0.0,0.0,532.0,0.0,0.0,0.0,888.0,0.0,1274.0,0.0
Polonnaruwa,UMIC,LKA,0.0,0.0,0.0,363.04188703752294,28.504743886119126,6.463284950800315,0.0,0.0,40.8305597349777,0.0,0.0,0.0,31.75710202046707,124.45966662293363,0.0,0.0,0.0,0.0,50.23546796772501,50.23546796772501,0.0,0.0,99.1451338887431,0.0,197.71022940173185,0.0
Poro,LMIC,CIV,0.0,0.0,0.0,289.3591612015221,38.899684236094245,0.0,0.0,0.0,4.975305643267752,0.0,0.0,0.0,59.009391952068654,59.009391952068654,0.0,0.0,0.0,0.0,97.4010201603109,51.89863168974172,0.0,0.0,24.27131406363857,0.0,57.58643024856287,0.0
Puebla,UMIC,MEX,0.0,0.0,0.0,449.5904365904367,62.01247401247401,93.01871101871103,0.0,0.0,0.0,0.0,0.0,0.0,155.03118503118506,0.0,0.0,0.0,0.0,0.0,387.57796257796264,0.0,46.509355509355515,0.0,248.04989604989603,0.0,124.02494802494802,0.0
Puttalama,UMIC,LKA,0.0,0.0,0.0,459.4318385836014,30.86632877128536,7.018464555511087,0.0,0.0,44.2072118106865,0.0,0.0,0.0,34.38799044317699,134.73463243519484,0.0,0.0,0.0,0.0,54.388957173832004,54.388957173832004,0.0,0.0,102.45963899515286,0.0,214.05488268032997,0.0
Qinghai,UMIC,CHN,0.0,0.0,0.0,857.1311475409836,287.5737704918033,82.68032786885247,0.0,0.0,82.68032786885247,0.0,0.0,0.0,565.0,0.0,0.0,0.0,0.0,0.0,183.21311475409837,183.21311475409837,0.0,0.0,535.9672131147541,0.0,90.22950819672131,0.0
Queretaro,UMIC,MEX,0.0,0.0,0.0,643.9235966735968,88.81704781704782,133.22557172557174,0.0,0.0,0.0,0.0,0.0,0.0,222.04261954261958,0.0,0.0,0.0,0.0,0.0,555.1065488565489,0.0,66.61278586278587,0.0,355.2681912681913,0.0,177.63409563409564,0.0
Quintana Roo,UMIC,MEX,0.0,0.0,0.0,603.0462577962579,83.17879417879418,124.76819126819127,0.0,0.0,0.0,0.0,0.0,0.0,207.94698544698548,0.0,0.0,0.0,0.0,0.0,519.8674636174636,0.0,62.38409563409564,0.0,332.7151767151767,0.0,166.35758835758836,0.0
Rajshahi,LMIC,BGD,0.0,0.0,0.0,174.64101091326825,16.92418150488225,17.40379092475589,0.0,0.0,17.40379092475589,0.0,0.0,0.0,17.71970132107984,5.068925904652499,17.40379092475589,0.0,0.0,0.0,0.0,0.0,0.0,0.0,0.0,0.0,95.77828834003446,0.0
Rangpur,LMIC,BGD,0.0,0.0,0.0,156.59103963239517,15.163699023549684,15.5944859276278,0.0,0.0,15.5944859276278,0.0,0.0,0.0,15.881677197013211,4.5376220562894884,15.5944859276278,0.0,0.0,0.0,0.0,0.0,0.0,0.0,0.0,0.0,85.88454910970707,0.0
Ratnapura,UMIC,LKA,0.0,0.0,0.0,339.6124791393335,20.81923518105484,4.7231697717134615,0.0,0.0,29.830545926266073,0.0,0.0,0.0,23.2015357189714,90.91480339805825,0.0,0.0,0.0,0.0,36.687428358698504,36.687428358698504,0.0,0.0,72.4219364996064,0.0,144.40884420099712,0.0
San Jose,UMIC,CRI,0.0,0.0,0.0,87.36193372818953,22.016567952617258,9.338482471586362,0.0,0.0,9.338482471586362,0.0,0.0,0.0,21.565351368656955,21.565351368656955,9.338482471586362,0.0,0.0,38.88466463902673,69.03913878661758,19.669441331839284,41.988154314070755,33.01784856731231,79.81631182967824,0.0,31.473107091403875,0.0
San Luis Potosi,UMIC,MEX,0.0,0.0,0.0,542.4838877338877,74.82536382536384,112.23804573804576,0.0,0.0,0.0,0.0,0.0,0.0,187.06340956340958,0.0,0.0,0.0,0.0,0.0,467.65852390852393,0.0,56.11902286902288,0.0,299.30145530145535,0.0,149.65072765072767,0.0
San-Pedro,LMIC,CIV,0.0,0.0,0.0,400.8359646992146,54.16565460286616,0.0,0.0,0.0,6.892154481418508,0.0,0.0,0.0,0.0,817.4236903894421,81.74236903894422,0.0,0.0,0.0,134.92429762772244,71.89296413245891,0.0,0.0,72.87871427414784,0.0,79.77289288316736,0.0
Shaanxi,UMIC,CHN,0.0,0.0,0.0,786.9180327868853,241.04918032786887,96.39344262295083,0.0,0.0,96.39344262295083,0.0,0.0,0.0,593.5081967213115,0.0,0.0,0.0,0.0,0.0,200.58196721311475,200.58196721311475,0.0,0.0,597.2786885245902,0.0,63.68852459016394,0.0
Shandong,UMIC,CHN,0.0,0.0,0.0,884.9344262295083,295.29508196721315,117.2704918032787,0.0,0.0,117.2704918032787,0.0,0.0,0.0,658.2950819672132,0.0,0.0,0.0,0.0,0.0,194.80327868852459,194.80327868852459,0.0,0.0,484.8852459016394,0.0,72.52459016393442,0.0
Shanxi,UMIC,CHN,0.0,0.0,0.0,623.6065573770492,264.91803278688525,72.77868852459017,0.0,0.0,72.77868852459017,0.0,0.0,0.0,475.2131147540984,0.0,0.0,0.0,0.0,0.0,140.14754098360658,140.14754098360658,0.0,0.0,535.6393442622951,0.0,74.24590163934427,0.0
Shkoder,UMIC,ALB,0.0,0.0,0.0,909.494925084582,89.82600289995166,31.190591267923313,0.0,0.0,31.190591267923313,0.0,0.0,0.0,95.4406315450298,95.4406315450298,31.190591267923313,0.0,0.0,82.3417109714838,117.8983405832125,61.75608184308039,0.0,0.0,202.1105203802159,0.0,121.64088931851136,0.0
Sichuan,UMIC,CHN,0.0,0.0,0.0,1017.016393442623,252.36065573770495,99.22950819672131,0.0,0.0,99.22950819672131,0.0,0.0,0.0,522.3114754098361,0.0,0.0,0.0,0.0,0.0,177.7704918032787,177.7704918032787,0.0,0.0,484.59016393442624,0.0,81.22950819672131,0.0
Sinaloa,UMIC,MEX,0.0,0.0,0.0,545.7094594594596,75.27027027027027,112.90540540540542,0.0,0.0,0.0,0.0,0.0,0.0,188.17567567567568,0.0,0.0,0.0,0.0,0.0,470.4391891891892,0.0,56.45270270270271,0.0,301.0810810810811,0.0,150.54054054054055,0.0
Sonora,UMIC,MEX,0.0,0.0,0.0,556.3960498960499,76.74428274428274,115.11642411642413,0.0,0.0,0.0,0.0,0.0,0.0,191.86070686070687,0.0,0.0,0.0,0.0,0.0,479.6517671517672,0.0,57.558212058212064,0.0,306.97713097713097,0.0,153.48856548856548,0.0
Souss,LMIC,MAR,0.0,0.0,0.0,669.0119047619047,66.29761904761904,0.0,0.0,0.0,62.26190476190476,0.0,0.0,0.0,162.02380952380952,162.02380952380952,162.02380952380952,0.0,0.0,0.0,148.66666666666666,50.238095238095234,0.0,0.0,317.40476190476187,0.0,208.92857142857142,0.0
Sud-Comoe,LMIC,CIV,0.0,0.0,0.0,349.2328556392195,47.192535017407494,0.0,0.0,0.0,6.005586592178771,0.0,0.0,0.0,71.21892964132459,71.21892964132459,0.0,0.0,0.0,0.0,117.5532345559064,62.63865274066877,0.0,0.0,63.49485871589345,0.0,69.50246943567322,0.0
Sylhet,LMIC,BGD,0.0,0.0,0.0,226.5077541642734,21.951464675473865,22.57754164273406,0.0,0.0,22.57754164273406,0.0,0.0,0.0,22.975301550832853,6.576680068925905,22.57754164273406,0.0,0.0,0.0,0.0,0.0,0.0,0.0,0.0,0.0,124.22458357265938,0.0
Tabasco,UMIC,MEX,0.0,0.0,0.0,436.28118503118503,60.17671517671518,90.26507276507277,0.0,0.0,0.0,0.0,0.0,0.0,150.44178794178796,0.0,0.0,0.0,0.0,0.0,376.10446985446987,0.0,45.13253638253639,0.0,240.7068607068607,0.0,120.35343035343035,0.0
Tafilalet,LMIC,MAR,0.0,0.0,0.0,643.3333333333333,63.75,0.0,0.0,0.0,59.88095238095238,0.0,0.0,0.0,155.83333333333331,155.83333333333331,155.83333333333331,0.0,0.0,0.0,142.85714285714286,48.214285714285715,0.0,0.0,305.23809523809524,0.0,200.92857142857142,0.0
Tamaumipas,UMIC,MEX,0.0,0.0,0.0,445.64137214137213,61.467775467775475,92.20166320166321,0.0,0.0,0.0,0.0,0.0,0.0,153.66943866943868,0.0,0.0,0.0,0.0,0.0,384.1735966735967,0.0,46.100831600831604,0.0,245.8711018711019,0.0,122.93555093555095,0.0
Tangier,LMIC,MAR,0.0,0.0,0.0,819.0214285714285,81.16428571428571,0.0,0.0,0.0,76.2452380952381,0.0,0.0,0.0,198.40119047619046,198.40119047619046,198.40119047619046,0.0,0.0,0.0,182.0047619047619,61.488095238095234,0.0,0.0,344.3333333333333,0.0,255.79047619047617,0.0
Tbilisi,UMIC,GEO,2.964601769911505,0.0,0.0,236.283185840708,29.42477876106195,0.0,0.0,0.0,32.74336283185841,0.0,0.0,0.0,86.28318584070797,0.0,0.0,0.0,0.0,0.0,80.53097345132744,0.0,58.407079646017706,0.0,104.86725663716815,0.0,325.66371681415933,0.0
Tchologo,LMIC,CIV,0.0,0.0,0.0,249.15391466278032,33.66933851509999,0.0,0.0,0.0,4.285078131325399,0.0,0.0,0.0,50.80965104040158,50.80965104040158,0.0,0.0,0.0,0.0,83.86770301999837,44.686665047364585,0.0,0.0,45.29795158286778,0.0,49.585053841794185,0.0
Tianjin,UMIC,CHN,0.0,0.0,0.0,1322.8688524590166,336.19672131147547,113.69672131147541,0.0,0.0,113.69672131147541,0.0,0.0,0.0,860.8852459016393,0.0,0.0,0.0,0.0,0.0,255.24590163934428,255.24590163934428,0.0,0.0,612.1803278688525,0.0,111.9016393442623,0.0
Tibet,UMIC,CHN,0.0,0.0,0.0,1010.9180327868854,271.5081967213115,73.04098360655739,0.0,0.0,73.04098360655739,0.0,0.0,0.0,556.983606557377,0.0,0.0,0.0,0.0,0.0,141.81147540983608,141.81147540983608,0.0,0.0,209.80327868852459,0.0,89.81967213114754,0.0
Tirana,UMIC,ALB,0.0,0.0,0.0,1113.7207990977927,109.99677783148059,38.19316900273884,0.0,0.0,38.19316900273884,0.0,0.0,0.0,116.87207990977929,116.87207990977929,38.19316900273884,0.0,0.0,100.82970839374899,144.3692605123248,254.36684388593522,0.0,0.0,68.74818753020783,0.0,148.95279523119058,0.0
Tlaxcala,UMIC,MEX,0.0,0.0,0.0,434.2614345114346,59.8981288981289,89.84719334719335,0.0,0.0,0.0,0.0,0.0,0.0,149.74532224532226,0.0,0.0,0.0,0.0,0.0,374.36330561330567,0.0,44.92359667359668,0.0,239.5925155925156,0.0,119.7962577962578,0.0
Tonkpi,LMIC,CIV,0.0,0.0,0.0,375.8946643996437,50.795482147194555,0.0,0.0,0.0,6.463039430005668,0.0,0.0,0.0,75.64367257711926,75.64367257711926,0.0,0.0,0.0,0.0,126.52821633875799,67.41964213424014,0.0,0.0,68.34264432029795,0.0,74.80973200550562,0.0
Trincomalee,UMIC,LKA,0.0,0.0,0.0,5600.986617685647,277.895565468381,63.117292049330885,0.0,0.0,398.1474678562057,0.0,0.0,0.0,309.60377853581736,1213.5869850432957,0.0,0.0,0.0,0.0,489.83206507478354,489.83206507478354,0.0,0.0,966.8013644712674,0.0,1928.2183154027814,0.0
Tunis,LMIC,TUN,0.0,0.0,0.0,656.0011177867822,185.1334357971217,48.20455498113735,0.0,0.0,48.20455498113735,0.0,0.0,0.0,0.0,554.701690652508,0.0,0.0,0.0,74.75199105770574,198.4071538354059,122.95654603884309,0.0,0.0,270.3646779376834,0.0,9.08201760514182,0.0
Vavuniya,UMIC,LKA,0.0,0.0,0.0,425.748180464445,29.27122318945159,6.6497258659144585,0.0,0.0,41.92848954998688,0.0,0.0,0.0,32.60644395171871,127.80524521123066,0.0,0.0,0.0,0.0,51.58198566649174,51.58198566649174,0.0,0.0,101.81745362109683,0.0,203.0134375491997,0.0
Veracruz,UMIC,MEX,0.0,0.0,0.0,403.6034303534304,55.66943866943867,83.504158004158,0.0,0.0,0.0,0.0,0.0,0.0,139.17359667359668,0.0,0.0,0.0,0.0,0.0,347.93399168399174,0.0,41.752079002079,0.0,222.67775467775468,0.0,111.33887733887734,0.0
Vicente Guerrero,UMIC,MEX,0.0,0.0,0.0,390.731288981289,53.8939708939709,80.84095634095635,0.0,0.0,0.0,0.0,0.0,0.0,134.73492723492726,0.0,0.0,0.0,0.0,0.0,336.8373180873181,0.0,40.42047817047818,0.0,215.5758835758836,0.0,107.7879417879418,0.0
Vlore,UMIC,ALB,0.0,0.0,0.0,813.5250523602384,80.33671661027871,27.89592395682294,0.0,0.0,27.89592395682294,0.0,0.0,0.0,85.35524407926535,85.35524407926535,27.89592395682294,0.0,0.0,73.64266151119703,105.44546479780892,55.22796842274851,0.0,0.0,180.75559851780247,0.0,108.7884646367005,0.0
Worodougou,LMIC,CIV,0.0,0.0,0.0,260.95255444903245,35.262326937090116,0.0,0.0,0.0,4.487490891425796,0.0,0.0,0.0,53.2163387579953,53.2163387579953,0.0,0.0,0.0,0.0,87.83904137316816,46.80390251801473,0.0,0.0,47.443526839931984,0.0,51.93304185895879,0.0
Xinjiang,UMIC,CHN,0.0,0.0,0.0,906.5081967213115,313.5081967213115,89.14754098360656,0.0,0.0,89.14754098360656,0.0,0.0,0.0,534.8852459016395,0.0,0.0,0.0,0.0,0.0,197.27049180327867,197.27049180327867,0.0,0.0,500.31147540983613,0.0,71.06557377049181,0.0
Yamoussoukro,LMIC,CIV,0.0,0.0,0.0,351.32377945105657,47.47591288154805,0.0,0.0,0.0,6.042020888996842,0.0,0.0,0.0,71.64602056513642,71.64602056513642,0.0,0.0,0.0,0.0,118.25763096105578,63.0131163468545,0.0,0.0,63.87539470488219,0.0,69.91943972148005,0.0
Yucatan,UMIC,MEX,0.0,0.0,0.0,512.3082120582121,70.66320166320166,105.9948024948025,0.0,0.0,0.0,0.0,0.0,0.0,176.6580041580042,0.0,0.0,0.0,0.0,0.0,441.64501039501044,0.0,52.99740124740125,0.0,282.65280665280665,0.0,141.32640332640332,0.0
Yunnan,UMIC,CHN,0.0,0.0,0.0,817.6065573770492,174.85245901639342,75.12295081967214,0.0,0.0,75.12295081967214,0.0,0.0,0.0,568.7868852459017,0.0,0.0,0.0,0.0,0.0,213.79508196721315,213.79508196721315,0.0,0.0,480.60655737704917,0.0,47.24590163934426,0.0
Zacatlan,UMIC,MEX,0.0,0.0,0.0,475.74168399168406,65.61954261954263,98.42931392931393,0.0,0.0,0.0,0.0,0.0,0.0,164.04885654885658,0.0,0.0,0.0,0.0,0.0,410.1221413721414,0.0,49.21465696465697,0.0,262.4781704781705,0.0,131.23908523908526,0.0
Zambezi,UMIC,NAM,0.0,0.0,0.0,401.00931677018633,9.627329192546583,52.17391304347826,0.0,0.0,52.17391304347826,0.0,0.0,0.0,110.63664596273291,110.63664596273291,0.0,0.0,0.0,0.0,46.8555900621118,46.8555900621118,0.0,0.0,27.95031055900621,0.0,62.732919254658384,0.0
